page,nearest_page,similarity_percent,difference_percent,status,main_text_words
services/school-college-sports-day-catering-in-vellore.html,services/school-annual-day-catering-in-vellore.html,49.17,50.83,PASS,5429
services/school-annual-day-catering-in-vellore.html,services/school-college-sports-day-catering-in-vellore.html,49.17,50.83,PASS,5424
services/temple-festival-catering-in-vellore.html,services/temple-wedding-catering-in-vellore.html,48.93,51.07,PASS,4947
services/temple-wedding-catering-in-vellore.html,services/temple-festival-catering-in-vellore.html,48.93,51.07,PASS,4944
services/graduation-party-catering-in-vellore.html,services/graduation-convocation-catering-in-vellore.html,48.63,51.37,PASS,4934
services/graduation-convocation-catering-in-vellore.html,services/graduation-party-catering-in-vellore.html,48.63,51.37,PASS,4689
services/hospital-catering-in-vellore.html,services/hospital-staff-catering-in-vellore.html,48.62,51.38,PASS,4679
services/hospital-staff-catering-in-vellore.html,services/hospital-catering-in-vellore.html,48.62,51.38,PASS,4895
services/college-catering-in-vellore.html,services/college-fest-catering-in-vellore.html,48.41,51.59,PASS,4893
services/college-fest-catering-in-vellore.html,services/college-catering-in-vellore.html,48.41,51.59,PASS,5124
services/corporate-catering-in-vellore.html,services/corporate-dinner-catering-in-vellore.html,47.9,52.1,PASS,4744
services/corporate-dinner-catering-in-vellore.html,services/corporate-catering-in-vellore.html,47.9,52.1,PASS,4929
services/corporate-buffet-catering-in-vellore.html,services/corporate-catering-in-vellore.html,47.5,52.5,PASS,4892
services/birthday-party-catering-in-vellore.html,services/first-birthday-catering-in-vellore.html,46.76,53.24,PASS,5091
services/first-birthday-catering-in-vellore.html,services/birthday-party-catering-in-vellore.html,46.76,53.24,PASS,5064
services/corporate-pantry-catering-in-vellore.html,services/corporate-dinner-catering-in-vellore.html,46.24,53.76,PASS,4928
services/school-catering-in-vellore.html,services/school-college-sports-day-catering-in-vellore.html,46.14,53.86,PASS,4937
services/corporate-breakfast-catering-in-vellore.html,services/corporate-catering-in-vellore.html,45.87,54.13,PASS,4923
services/food-stall-catering-in-vellore.html,services/food-truck-catering-in-vellore.html,45.23,54.77,PASS,5019
services/food-truck-catering-in-vellore.html,services/food-stall-catering-in-vellore.html,45.23,54.77,PASS,4955
services/father-s-day-catering-in-vellore.html,services/children-s-day-catering-in-vellore.html,44.57,55.43,PASS,4937
services/children-s-day-catering-in-vellore.html,services/father-s-day-catering-in-vellore.html,44.57,55.43,PASS,4936
services/house-party-catering-in-vellore.html,services/kids-party-catering-in-vellore.html,44.12,55.88,PASS,4934
services/kids-party-catering-in-vellore.html,services/house-party-catering-in-vellore.html,44.12,55.88,PASS,4949
services/surprise-party-catering-in-vellore.html,services/kids-party-catering-in-vellore.html,44.11,55.89,PASS,4936
services/saraswati-pooja-catering-in-vellore.html,services/ayudha-pooja-catering-in-vellore.html,44.0,56.0,PASS,4863
services/ayudha-pooja-catering-in-vellore.html,services/saraswati-pooja-catering-in-vellore.html,44.0,56.0,PASS,4867
services/wedding-catering-in-vellore.html,services/hindu-wedding-catering-in-vellore.html,43.96,56.04,PASS,4710
services/hindu-wedding-catering-in-vellore.html,services/wedding-catering-in-vellore.html,43.96,56.04,PASS,4934
services/women-s-day-catering-in-vellore.html,services/father-s-day-catering-in-vellore.html,43.87,56.13,PASS,4930
guides/blogs/how-to-improve-family-preferences-for-buffet-catering-vellore-food-counter-guide.html,guides/blogs/how-to-improve-family-preferences-for-venue-coordination-vellore-food-counter-guide.html,43.83,56.17,PASS,3217
guides/blogs/how-to-improve-family-preferences-for-venue-coordination-vellore-food-counter-guide.html,guides/blogs/how-to-improve-family-preferences-for-buffet-catering-vellore-food-counter-guide.html,43.83,56.17,PASS,3206
services/mother-s-day-catering-in-vellore.html,services/children-s-day-catering-in-vellore.html,43.63,56.37,PASS,4910
services/club-function-catering-in-vellore.html,services/community-function-catering-in-vellore.html,43.17,56.83,PASS,4870
services/community-function-catering-in-vellore.html,services/club-function-catering-in-vellore.html,43.17,56.83,PASS,4902
services/milestone-birthday-catering-in-vellore.html,services/first-birthday-catering-in-vellore.html,43.15,56.85,PASS,4910
services/valentine-s-day-catering-in-vellore.html,services/women-s-day-catering-in-vellore.html,43.12,56.88,PASS,4947
services/non-vegetarian-catering-in-vellore.html,services/vegetarian-catering-in-vellore.html,42.97,57.03,PASS,4653
services/vegetarian-catering-in-vellore.html,services/non-vegetarian-catering-in-vellore.html,42.97,57.03,PASS,4671
guides/blogs/guest-count-planning-planning-guide-practical-decisions-for-mixed-menus.html,guides/blogs/guest-count-planning-guest-count-guide-practical-decisions-for-mixed-menus.html,42.73,57.27,PASS,2998
guides/blogs/guest-count-planning-guest-count-guide-practical-decisions-for-mixed-menus.html,guides/blogs/guest-count-planning-planning-guide-practical-decisions-for-mixed-menus.html,42.73,57.27,PASS,3005
servicing-areas/palamadai-catering.html,servicing-areas/palamadai-r-f-catering.html,42.43,57.57,PASS,4191
servicing-areas/palamadai-r-f-catering.html,servicing-areas/palamadai-catering.html,42.43,57.57,PASS,4546
services/shradh-annual-ceremony-catering-in-vellore.html,services/naming-ceremony-catering-in-vellore.html,42.21,57.79,PASS,4941
services/naming-ceremony-catering-in-vellore.html,services/shradh-annual-ceremony-catering-in-vellore.html,42.21,57.79,PASS,4976
services/destination-wedding-catering-in-vellore.html,services/wedding-catering-in-vellore.html,42.19,57.81,PASS,4947
services/christian-wedding-catering-in-vellore.html,services/hindu-wedding-catering-in-vellore.html,42.16,57.84,PASS,4942
servicing-areas/thellai-r-f-catering.html,servicing-areas/thellai-catering.html,42.07,57.93,PASS,4498
servicing-areas/thellai-catering.html,servicing-areas/thellai-r-f-catering.html,42.07,57.93,PASS,4199
guides/blogs/live-food-counters-budget-planning-guide-practical-decisions-for-service-timing.html,guides/blogs/live-food-counters-venue-coordination-guide-practical-decisions-for-service-timing.html,42.04,57.96,PASS,3092
guides/blogs/live-food-counters-venue-coordination-guide-practical-decisions-for-service-timing.html,guides/blogs/live-food-counters-budget-planning-guide-practical-decisions-for-service-timing.html,42.04,57.96,PASS,3094
guides/blogs/seemandham-catering-in-vellore-service-guide-practical-decisions-for-service-timing.html,guides/blogs/seemandham-catering-in-vellore-menu-guide-practical-decisions-for-service-timing.html,42.03,57.97,PASS,3108
guides/blogs/seemandham-catering-in-vellore-menu-guide-practical-decisions-for-service-timing.html,guides/blogs/seemandham-catering-in-vellore-service-guide-practical-decisions-for-service-timing.html,42.03,57.97,PASS,3126
services/government-function-catering-in-vellore.html,services/club-function-catering-in-vellore.html,41.82,58.18,PASS,4845
services/success-party-catering-in-vellore.html,services/graduation-party-catering-in-vellore.html,41.77,58.23,PASS,4920
servicing-areas/athiyur-r-f-catering.html,servicing-areas/athiyur-catering.html,41.67,58.33,PASS,4519
servicing-areas/athiyur-catering.html,servicing-areas/athiyur-r-f-catering.html,41.67,58.33,PASS,4178
services/promotion-party-catering-in-vellore.html,services/graduation-party-catering-in-vellore.html,41.66,58.34,PASS,4896
services/post-wedding-catering-in-vellore.html,services/wedding-catering-in-vellore.html,41.53,58.47,PASS,4705
services/muslim-wedding-catering-in-vellore.html,services/hindu-wedding-catering-in-vellore.html,41.51,58.49,PASS,4927
services/apartment-association-catering-in-vellore.html,services/residents-association-catering-in-vellore.html,41.44,58.56,PASS,4868
services/pool-party-catering-in-vellore.html,services/graduation-party-catering-in-vellore.html,41.44,58.56,PASS,4943
services/residents-association-catering-in-vellore.html,services/apartment-association-catering-in-vellore.html,41.44,58.56,PASS,4881
services/retirement-party-catering-in-vellore.html,services/graduation-party-catering-in-vellore.html,41.4,58.6,PASS,4900
guides/blogs/tamil-vegetarian-catering-service-guide-practical-decisions-for-service-timing.html,guides/blogs/tamil-vegetarian-catering-mistakes-to-avoid-practical-decisions-for-service-timing.html,41.22,58.78,PASS,2990
guides/blogs/tamil-vegetarian-catering-mistakes-to-avoid-practical-decisions-for-service-timing.html,guides/blogs/tamil-vegetarian-catering-service-guide-practical-decisions-for-service-timing.html,41.22,58.78,PASS,3083
services/cocktail-party-catering-in-vellore.html,services/pool-party-catering-in-vellore.html,41.21,58.79,PASS,4917
services/public-function-catering-in-vellore.html,services/government-function-catering-in-vellore.html,41.2,58.8,PASS,4881
services/farewell-party-catering-in-vellore.html,services/promotion-party-catering-in-vellore.html,41.17,58.83,PASS,4927
servicing-areas/new-bus-stand-vellore-catering.html,servicing-areas/old-bus-stand-vellore-catering.html,40.96,59.04,PASS,4804
servicing-areas/old-bus-stand-vellore-catering.html,servicing-areas/new-bus-stand-vellore-catering.html,40.96,59.04,PASS,4765
guides/blogs/award-function-catering-in-vellore-food-counter-guide-for-dietary-requests.html,guides/blogs/award-show-catering-in-vellore-food-counter-guide-for-dietary-requests.html,40.95,59.05,PASS,3105
guides/blogs/award-show-catering-in-vellore-food-counter-guide-for-dietary-requests.html,guides/blogs/award-function-catering-in-vellore-food-counter-guide-for-dietary-requests.html,40.95,59.05,PASS,3121
servicing-areas/sathuvachari-phase-2-catering.html,servicing-areas/sathuvachari-phase-1-catering.html,40.91,59.09,PASS,4543
servicing-areas/sathuvachari-phase-1-catering.html,servicing-areas/sathuvachari-phase-2-catering.html,40.91,59.09,PASS,4495
guides/blogs/filter-coffee-service-venue-coordination-guide-practical-decisions-for-summer-events.html,guides/blogs/filter-coffee-service-budget-planning-guide-practical-decisions-for-summer-events.html,40.89,59.11,PASS,3108
guides/blogs/filter-coffee-service-budget-planning-guide-practical-decisions-for-summer-events.html,guides/blogs/filter-coffee-service-venue-coordination-guide-practical-decisions-for-summer-events.html,40.89,59.11,PASS,3099
services/packaged-meal-catering-in-vellore.html,services/mini-meal-catering-in-vellore.html,40.77,59.23,PASS,4996
services/mini-meal-catering-in-vellore.html,services/packaged-meal-catering-in-vellore.html,40.77,59.23,PASS,4957
services/lawn-party-catering-in-vellore.html,services/graduation-party-catering-in-vellore.html,40.74,59.26,PASS,4937
services/naming-day-catering-in-vellore.html,services/father-s-day-catering-in-vellore.html,40.66,59.34,PASS,4921
guides/blogs/filter-coffee-service-service-guide-practical-decisions-for-service-timing.html,guides/blogs/filter-coffee-service-menu-guide-practical-decisions-for-service-timing.html,40.6,59.4,PASS,3017
guides/blogs/filter-coffee-service-menu-guide-practical-decisions-for-service-timing.html,guides/blogs/filter-coffee-service-service-guide-practical-decisions-for-service-timing.html,40.6,59.4,PASS,3017
guides/blogs/how-to-improve-service-timing-for-seemandham-catering-in-vellore-vellore-budget-planning-guide.html,guides/blogs/how-to-improve-service-timing-for-wedding-catering-in-vellore-vellore-budget-planning-guide.html,40.56,59.44,PASS,3378
guides/blogs/how-to-improve-service-timing-for-wedding-catering-in-vellore-vellore-budget-planning-guide.html,guides/blogs/how-to-improve-service-timing-for-seemandham-catering-in-vellore-vellore-budget-planning-guide.html,40.56,59.44,PASS,3380
services/tamil-cuisine-catering-in-vellore.html,services/multi-cuisine-catering-in-vellore.html,40.55,59.45,PASS,4891
services/multi-cuisine-catering-in-vellore.html,services/tamil-cuisine-catering-in-vellore.html,40.55,59.45,PASS,4683
services/friendship-day-catering-in-vellore.html,services/naming-day-catering-in-vellore.html,40.43,59.57,PASS,4907
servicing-areas/puthur-r-f-catering.html,servicing-areas/puthur-catering.html,40.38,59.62,PASS,4495
servicing-areas/puthur-catering.html,servicing-areas/puthur-r-f-catering.html,40.38,59.62,PASS,4173
guides/blogs/lunch-catering-mistakes-to-avoid-practical-decisions-for-summer-events.html,guides/blogs/lunch-catering-budget-planning-guide-practical-decisions-for-summer-events.html,40.38,59.62,PASS,3033
guides/blogs/lunch-catering-budget-planning-guide-practical-decisions-for-summer-events.html,guides/blogs/lunch-catering-mistakes-to-avoid-practical-decisions-for-summer-events.html,40.38,59.62,PASS,2988
services/bachelor-bachelorette-party-catering-in-vellore.html,services/pool-party-catering-in-vellore.html,40.1,59.9,PASS,4928
servicing-areas/karuthamalai-catering.html,servicing-areas/karuthamalai-r-f-catering.html,40.03,59.97,PASS,4208
servicing-areas/karuthamalai-r-f-catering.html,servicing-areas/karuthamalai-catering.html,40.03,59.97,PASS,4540
services/event-catering-in-vellore.html,services/celebrity-event-catering-in-vellore.html,40.0,60.0,PASS,4663
services/celebrity-event-catering-in-vellore.html,services/event-catering-in-vellore.html,40.0,60.0,PASS,4897
servicing-areas/bomminayakkanpalayam-catering.html,servicing-areas/bomminayakkanpalayam-r-f-catering.html,39.99,60.01,PASS,4189
servicing-areas/paravamalai-catering.html,servicing-areas/paravamalai-r-f-catering.html,39.99,60.01,PASS,4175
servicing-areas/paravamalai-r-f-catering.html,servicing-areas/paravamalai-catering.html,39.99,60.01,PASS,4565
servicing-areas/bomminayakkanpalayam-r-f-catering.html,servicing-areas/bomminayakkanpalayam-catering.html,39.99,60.01,PASS,4543
services/new-year-party-catering-in-vellore.html,services/pool-party-catering-in-vellore.html,39.97,60.03,PASS,5134
guides/blogs/how-to-improve-summer-events-for-engagement-catering-vellore-mistakes-to-avoid.html,guides/blogs/how-to-improve-summer-events-for-catering-budget-planning-vellore-mistakes-to-avoid.html,39.91,60.09,PASS,3214
guides/blogs/how-to-improve-summer-events-for-catering-budget-planning-vellore-mistakes-to-avoid.html,guides/blogs/how-to-improve-summer-events-for-engagement-catering-vellore-mistakes-to-avoid.html,39.91,60.09,PASS,3296
services/charity-event-catering-in-vellore.html,services/ngo-event-catering-in-vellore.html,39.88,60.12,PASS,4891
services/ngo-event-catering-in-vellore.html,services/charity-event-catering-in-vellore.html,39.88,60.12,PASS,4875
services/sports-event-catering-in-vellore.html,services/celebrity-event-catering-in-vellore.html,39.81,60.19,PASS,4911
guides/blogs/wedding-catering-in-vellore-menu-guide-practical-decisions-for-service-timing.html,guides/blogs/wedding-catering-in-vellore-venue-coordination-guide-practical-decisions-for-service-timing.html,39.8,60.2,PASS,3099
guides/blogs/wedding-catering-in-vellore-venue-coordination-guide-practical-decisions-for-service-timing.html,guides/blogs/wedding-catering-in-vellore-menu-guide-practical-decisions-for-service-timing.html,39.8,60.2,PASS,3198
services/north-indian-catering-in-vellore.html,services/south-indian-catering-in-vellore.html,39.68,60.32,PASS,4887
services/south-indian-catering-in-vellore.html,services/north-indian-catering-in-vellore.html,39.68,60.32,PASS,4951
services/vegan-catering-in-vellore.html,services/diet-catering-in-vellore.html,39.61,60.39,PASS,4730
services/diet-catering-in-vellore.html,services/vegan-catering-in-vellore.html,39.61,60.39,PASS,4700
services/box-meal-catering-in-vellore.html,services/packaged-meal-catering-in-vellore.html,39.53,60.47,PASS,4950
servicing-areas/chittoor-road-vellore-catering.html,servicing-areas/chennai-road-vellore-catering.html,39.53,60.47,PASS,4561
servicing-areas/chennai-road-vellore-catering.html,servicing-areas/chittoor-road-vellore-catering.html,39.53,60.47,PASS,4534
services/family-get-together-catering-in-vellore.html,services/milestone-birthday-catering-in-vellore.html,39.48,60.52,PASS,4870
servicing-areas/pallikonda-r-f-catering.html,servicing-areas/pallikonda-catering.html,39.44,60.56,PASS,4548
servicing-areas/pallikonda-catering.html,servicing-areas/pallikonda-r-f-catering.html,39.44,60.56,PASS,4165
servicing-areas/karapattu-catering.html,servicing-areas/karapattu-r-f-catering.html,39.41,60.59,PASS,4174
servicing-areas/karapattu-r-f-catering.html,servicing-areas/karapattu-catering.html,39.41,60.59,PASS,4537
guides/blogs/non-vegetarian-catering-timing-guide-practical-decisions-for-family-preferences.html,guides/blogs/non-vegetarian-catering-food-counter-guide-practical-decisions-for-family-preferences.html,39.4,60.6,PASS,2898
guides/blogs/non-vegetarian-catering-food-counter-guide-practical-decisions-for-family-preferences.html,guides/blogs/non-vegetarian-catering-timing-guide-practical-decisions-for-family-preferences.html,39.4,60.6,PASS,3025
servicing-areas/arasampattu-catering.html,servicing-areas/arasampattu-r-f-catering.html,39.18,60.82,PASS,4119
servicing-areas/arasampattu-r-f-catering.html,servicing-areas/arasampattu-catering.html,39.18,60.82,PASS,4565
services/community-feast-catering-in-vellore.html,services/temple-wedding-catering-in-vellore.html,39.05,60.95,PASS,4958
servicing-areas/chenji-catering.html,servicing-areas/chenji-r-f-catering.html,39.05,60.95,PASS,4228
servicing-areas/chenji-r-f-catering.html,servicing-areas/chenji-catering.html,39.05,60.95,PASS,4559
services/garden-party-catering-in-vellore.html,services/new-year-party-catering-in-vellore.html,39.03,60.97,PASS,4926
services/university-catering-in-vellore.html,services/parent-teacher-meeting-catering-in-vellore.html,39.02,60.98,PASS,4685
services/parent-teacher-meeting-catering-in-vellore.html,services/university-catering-in-vellore.html,39.02,60.98,PASS,4934
services/temple-function-catering-in-vellore.html,services/valaikappu-catering-in-vellore.html,38.96,61.04,PASS,4978
services/valaikappu-catering-in-vellore.html,services/temple-function-catering-in-vellore.html,38.96,61.04,PASS,4748
servicing-areas/jolarpet-bus-stand-catering.html,servicing-areas/kaveripakkam-bus-stand-catering.html,38.95,61.05,PASS,4570
servicing-areas/kaveripakkam-bus-stand-catering.html,servicing-areas/jolarpet-bus-stand-catering.html,38.95,61.05,PASS,4565
services/anniversary-catering-in-vellore.html,services/surprise-party-catering-in-vellore.html,38.9,61.1,PASS,4695
guides/blogs/south-indian-wedding-menus-planning-guide-practical-decisions-for-mixed-menus.html,guides/blogs/south-indian-wedding-menus-guest-count-guide-practical-decisions-for-mixed-menus.html,38.89,61.11,PASS,3110
guides/blogs/south-indian-wedding-menus-guest-count-guide-practical-decisions-for-mixed-menus.html,guides/blogs/south-indian-wedding-menus-planning-guide-practical-decisions-for-mixed-menus.html,38.89,61.11,PASS,3098
guides/blogs/food-hygiene-service-guide-practical-decisions-for-summer-events.html,guides/blogs/food-hygiene-menu-guide-practical-decisions-for-summer-events.html,38.87,61.13,PASS,2897
guides/blogs/food-hygiene-menu-guide-practical-decisions-for-summer-events.html,guides/blogs/food-hygiene-service-guide-practical-decisions-for-summer-events.html,38.87,61.13,PASS,2912
services/hostel-catering-in-vellore.html,services/hospital-staff-catering-in-vellore.html,38.81,61.19,PASS,4648
guides/blogs/how-to-improve-summer-events-for-wedding-catering-in-vellore-vellore-menu-guide.html,guides/blogs/how-to-improve-summer-events-for-biryani-catering-vellore-menu-guide.html,38.81,61.19,PASS,3311
guides/blogs/how-to-improve-family-preferences-for-dessert-counters-vellore-planning-guide.html,guides/blogs/how-to-improve-family-preferences-for-reception-dinner-catering-vellore-planning-guide.html,38.81,61.19,PASS,3094
guides/blogs/how-to-improve-family-preferences-for-reception-dinner-catering-vellore-planning-guide.html,guides/blogs/how-to-improve-family-preferences-for-dessert-counters-vellore-planning-guide.html,38.81,61.19,PASS,3190
guides/blogs/how-to-improve-summer-events-for-biryani-catering-vellore-menu-guide.html,guides/blogs/how-to-improve-summer-events-for-wedding-catering-in-vellore-vellore-menu-guide.html,38.81,61.19,PASS,3113
services/halal-catering-in-vellore.html,services/senior-friendly-catering-in-vellore.html,38.77,61.23,PASS,4714
services/senior-friendly-catering-in-vellore.html,services/halal-catering-in-vellore.html,38.77,61.23,PASS,4722
guides/blogs/how-to-improve-mixed-menus-for-housewarming-catering-vellore-timing-guide.html,guides/blogs/how-to-improve-mixed-menus-for-guest-count-planning-vellore-timing-guide.html,38.75,61.25,PASS,3104
guides/blogs/how-to-improve-mixed-menus-for-guest-count-planning-vellore-timing-guide.html,guides/blogs/how-to-improve-mixed-menus-for-housewarming-catering-vellore-timing-guide.html,38.75,61.25,PASS,3196
services/gluten-free-catering-in-vellore.html,services/vegan-catering-in-vellore.html,38.54,61.46,PASS,4702
guides/blogs/biryani-catering-venue-coordination-guide-practical-decisions-for-service-timing.html,guides/blogs/biryani-catering-menu-guide-practical-decisions-for-service-timing.html,38.49,61.51,PASS,3032
guides/blogs/biryani-catering-menu-guide-practical-decisions-for-service-timing.html,guides/blogs/biryani-catering-venue-coordination-guide-practical-decisions-for-service-timing.html,38.49,61.51,PASS,2926
guides/blogs/how-to-improve-family-preferences-for-birthday-catering-in-vellore-vellore-timing-guide.html,guides/blogs/how-to-improve-family-preferences-for-breakfast-catering-vellore-timing-guide.html,38.38,61.62,PASS,3294
guides/blogs/how-to-improve-family-preferences-for-non-vegetarian-catering-vellore-checklist.html,guides/blogs/how-to-improve-family-preferences-for-housewarming-catering-vellore-checklist.html,38.38,61.62,PASS,3025
guides/blogs/how-to-improve-family-preferences-for-housewarming-catering-vellore-checklist.html,guides/blogs/how-to-improve-family-preferences-for-non-vegetarian-catering-vellore-checklist.html,38.38,61.62,PASS,2998
guides/blogs/how-to-improve-family-preferences-for-breakfast-catering-vellore-timing-guide.html,guides/blogs/how-to-improve-family-preferences-for-birthday-catering-in-vellore-vellore-timing-guide.html,38.38,61.62,PASS,3112
services/annaprasana-catering-in-vellore.html,services/seemandham-catering-in-vellore.html,38.32,61.68,PASS,4760
services/seemandham-catering-in-vellore.html,services/annaprasana-catering-in-vellore.html,38.32,61.68,PASS,4709
services/student-hostel-catering-in-vellore.html,services/university-catering-in-vellore.html,38.32,61.68,PASS,4980
servicing-areas/appukal-catering.html,servicing-areas/appukal-r-f-catering.html,38.32,61.68,PASS,4143
servicing-areas/appukal-r-f-catering.html,servicing-areas/appukal-catering.html,38.32,61.68,PASS,4581
services/satvik-catering-in-vellore.html,services/allergy-aware-catering-in-vellore.html,38.26,61.74,PASS,4719
services/allergy-aware-catering-in-vellore.html,services/satvik-catering-in-vellore.html,38.26,61.74,PASS,4751
services/cradle-ceremony-catering-in-vellore.html,services/kids-party-catering-in-vellore.html,38.22,61.78,PASS,4895
guides/blogs/how-to-improve-service-timing-for-corporate-catering-vellore-menu-guide.html,guides/blogs/how-to-improve-service-timing-for-engagement-catering-vellore-menu-guide.html,38.17,61.83,PASS,3094
guides/blogs/how-to-improve-service-timing-for-engagement-catering-vellore-menu-guide.html,guides/blogs/how-to-improve-service-timing-for-corporate-catering-vellore-menu-guide.html,38.17,61.83,PASS,3103
guides/blogs/school-event-catering-timing-guide-practical-decisions-for-family-preferences.html,guides/blogs/school-event-catering-planning-guide-practical-decisions-for-family-preferences.html,38.12,61.88,PASS,3011
guides/blogs/school-event-catering-planning-guide-practical-decisions-for-family-preferences.html,guides/blogs/school-event-catering-timing-guide-practical-decisions-for-family-preferences.html,38.12,61.88,PASS,3006
guides/blogs/how-to-improve-family-preferences-for-birthday-catering-in-vellore-vellore-planning-guide.html,guides/blogs/how-to-improve-family-preferences-for-dessert-counters-vellore-planning-guide.html,38.03,61.97,PASS,3288
services/ayurvedic-catering-in-vellore.html,services/healthy-catering-in-vellore.html,38.0,62.0,PASS,4740
services/healthy-catering-in-vellore.html,services/ayurvedic-catering-in-vellore.html,38.0,62.0,PASS,4683
servicing-areas/old-bus-stand-catering.html,servicing-areas/vellore-bus-stand-catering.html,37.89,62.11,PASS,4557
servicing-areas/vellore-bus-stand-catering.html,servicing-areas/old-bus-stand-catering.html,37.89,62.11,PASS,4597
guides/blogs/temple-function-catering-venue-coordination-guide-practical-decisions-for-service-timing.html,guides/blogs/temple-function-catering-budget-planning-guide-practical-decisions-for-service-timing.html,37.88,62.12,PASS,3097
guides/blogs/temple-function-catering-budget-planning-guide-practical-decisions-for-service-timing.html,guides/blogs/temple-function-catering-venue-coordination-guide-practical-decisions-for-service-timing.html,37.88,62.12,PASS,3099
services/bakery-catering-in-vellore.html,services/cafe-catering-in-vellore.html,37.84,62.16,PASS,4678
services/cafe-catering-in-vellore.html,services/bakery-catering-in-vellore.html,37.84,62.16,PASS,4708
services/janmashtami-catering-in-vellore.html,services/ram-navami-catering-in-vellore.html,37.8,62.2,PASS,4641
services/ram-navami-catering-in-vellore.html,services/janmashtami-catering-in-vellore.html,37.8,62.2,PASS,4872
services/kosher-catering-in-vellore.html,services/halal-catering-in-vellore.html,37.79,62.21,PASS,4712
services/cloud-kitchen-event-catering-in-vellore.html,services/bakery-catering-in-vellore.html,37.75,62.25,PASS,5141
services/jain-food-catering-in-vellore.html,services/diet-catering-in-vellore.html,37.74,62.26,PASS,4936
services/low-calorie-catering-in-vellore.html,services/kosher-catering-in-vellore.html,37.73,62.27,PASS,4687
guides/blogs/banana-leaf-service-mistakes-to-avoid-practical-decisions-for-service-timing.html,guides/blogs/banana-leaf-service-budget-planning-guide-practical-decisions-for-service-timing.html,37.73,62.27,PASS,3106
guides/blogs/banana-leaf-service-budget-planning-guide-practical-decisions-for-service-timing.html,guides/blogs/banana-leaf-service-mistakes-to-avoid-practical-decisions-for-service-timing.html,37.73,62.27,PASS,3104
services/pooja-catering-in-vellore.html,services/annadhanam-catering-in-vellore.html,37.72,62.28,PASS,4723
services/annadhanam-catering-in-vellore.html,services/pooja-catering-in-vellore.html,37.72,62.28,PASS,4717
services/prasadam-catering-in-vellore.html,services/seemandham-catering-in-vellore.html,37.7,62.3,PASS,4719
services/sashtiapthapoorthi-catering-in-vellore.html,services/seemandham-catering-in-vellore.html,37.69,62.31,PASS,4745
services/baby-shower-catering-in-vellore.html,services/family-get-together-catering-in-vellore.html,37.66,62.34,PASS,4921
services/mutts-ashrams-catering-in-vellore.html,services/temple-wedding-catering-in-vellore.html,37.63,62.37,PASS,4743
servicing-areas/walajapet-bus-stand-catering.html,servicing-areas/tirupattur-bus-stand-catering.html,37.61,62.39,PASS,4577
servicing-areas/tirupattur-bus-stand-catering.html,servicing-areas/walajapet-bus-stand-catering.html,37.61,62.39,PASS,4591
guides/blogs/how-to-improve-mixed-menus-for-non-vegetarian-catering-vellore-timing-guide.html,guides/blogs/how-to-improve-mixed-menus-for-housewarming-catering-vellore-timing-guide.html,37.55,62.45,PASS,3115
services/onam-catering-in-vellore.html,services/janmashtami-catering-in-vellore.html,37.54,62.46,PASS,4681
servicing-areas/ambur-bus-stand-catering.html,servicing-areas/tirupattur-bus-stand-catering.html,37.53,62.47,PASS,4568
guides/blogs/how-to-improve-mixed-menus-for-venue-coordination-vellore-planning-guide.html,guides/blogs/how-to-improve-mixed-menus-for-non-vegetarian-catering-vellore-planning-guide.html,37.5,62.5,PASS,3120
guides/blogs/how-to-improve-mixed-menus-for-non-vegetarian-catering-vellore-planning-guide.html,guides/blogs/how-to-improve-mixed-menus-for-venue-coordination-vellore-planning-guide.html,37.5,62.5,PASS,3074
services/punyavachanam-catering-in-vellore.html,services/temple-function-catering-in-vellore.html,37.49,62.51,PASS,4726
guides/blogs/how-to-improve-mixed-menus-for-housewarming-catering-vellore-planning-guide.html,guides/blogs/how-to-improve-mixed-menus-for-housewarming-catering-vellore-timing-guide.html,37.49,62.51,PASS,3069
services/religious-conference-catering-in-vellore.html,services/temple-festival-catering-in-vellore.html,37.45,62.55,PASS,4968
services/engagement-catering-in-vellore.html,services/hindu-wedding-catering-in-vellore.html,37.39,62.61,PASS,4707
guides/blogs/birthday-catering-in-vellore-checklist-practical-decisions-for-family-preferences.html,guides/blogs/birthday-catering-in-vellore-guest-count-guide-practical-decisions-for-family-preferences.html,37.37,62.63,PASS,3022
guides/blogs/birthday-catering-in-vellore-guest-count-guide-practical-decisions-for-family-preferences.html,guides/blogs/birthday-catering-in-vellore-checklist-practical-decisions-for-family-preferences.html,37.37,62.63,PASS,3122
services/restaurant-catering-in-vellore.html,services/tiffin-catering-in-vellore.html,37.36,62.64,PASS,4684
services/tiffin-catering-in-vellore.html,services/restaurant-catering-in-vellore.html,37.36,62.64,PASS,4696
services/gruhapravesam-catering-in-vellore.html,services/sashtiapthapoorthi-catering-in-vellore.html,37.35,62.65,PASS,4748
services/pongal-catering-in-vellore.html,services/eid-catering-in-vellore.html,37.3,62.7,PASS,4663
services/eid-catering-in-vellore.html,services/pongal-catering-in-vellore.html,37.3,62.7,PASS,4651
guides/blogs/dessert-counters-timing-guide-practical-decisions-for-mixed-menus.html,guides/blogs/dessert-counters-planning-guide-practical-decisions-for-mixed-menus.html,37.3,62.7,PASS,2916
guides/blogs/dessert-counters-planning-guide-practical-decisions-for-mixed-menus.html,guides/blogs/dessert-counters-timing-guide-practical-decisions-for-mixed-menus.html,37.3,62.7,PASS,2917
servicing-areas/odugathur-bus-stand-catering.html,servicing-areas/ponnai-bus-stand-catering.html,37.29,62.71,PASS,4578
servicing-areas/ponnai-bus-stand-catering.html,servicing-areas/odugathur-bus-stand-catering.html,37.29,62.71,PASS,4612
servicing-areas/ranipet-bus-stand-catering.html,servicing-areas/tirupattur-bus-stand-catering.html,37.28,62.72,PASS,4608
services/spiritual-retreat-catering-in-vellore.html,services/temple-festival-catering-in-vellore.html,37.26,62.74,PASS,4967
services/obsequies-funeral-catering-in-vellore.html,services/homam-havan-catering-in-vellore.html,37.25,62.75,PASS,4756
services/homam-havan-catering-in-vellore.html,services/obsequies-funeral-catering-in-vellore.html,37.25,62.75,PASS,4770
services/institutional-catering-in-vellore.html,services/healthcare-conference-catering-in-vellore.html,37.24,62.76,PASS,4651
services/healthcare-conference-catering-in-vellore.html,services/institutional-catering-in-vellore.html,37.24,62.76,PASS,4885
services/vratham-catering-in-vellore.html,services/seemandham-catering-in-vellore.html,37.21,62.79,PASS,4737
servicing-areas/sholinghur-bus-stand-catering.html,servicing-areas/walajapet-bus-stand-catering.html,37.15,62.85,PASS,4530
services/award-function-catering-in-vellore.html,services/corporate-catering-in-vellore.html,37.14,62.86,PASS,4936
services/jain-catering-in-vellore.html,services/tamil-cuisine-catering-in-vellore.html,37.11,62.89,PASS,4694
guides/blogs/how-to-improve-service-timing-for-food-hygiene-vellore-mistakes-to-avoid.html,guides/blogs/how-to-improve-service-timing-for-wedding-catering-in-vellore-vellore-mistakes-to-avoid.html,37.11,62.89,PASS,3203
guides/blogs/how-to-improve-service-timing-for-wedding-catering-in-vellore-vellore-mistakes-to-avoid.html,guides/blogs/how-to-improve-service-timing-for-food-hygiene-vellore-mistakes-to-avoid.html,37.11,62.89,PASS,3374
services/diwali-catering-in-vellore.html,services/onam-catering-in-vellore.html,37.1,62.9,PASS,4632
services/kids-menu-catering-in-vellore.html,services/kosher-catering-in-vellore.html,37.06,62.94,PASS,4917
services/ayush-homam-catering-in-vellore.html,services/gruhapravesam-catering-in-vellore.html,37.02,62.98,PASS,4989
services/kumbabhishekam-catering-in-vellore.html,services/valaikappu-catering-in-vellore.html,37.02,62.98,PASS,4726
services/navratri-catering-in-vellore.html,services/pongal-catering-in-vellore.html,37.01,62.99,PASS,4662
servicing-areas/arakkonam-bus-stand-catering.html,servicing-areas/sholinghur-bus-stand-catering.html,37.0,63.0,PASS,4543
services/mess-catering-in-vellore.html,services/cloud-kitchen-event-catering-in-vellore.html,36.98,63.02,PASS,4691
servicing-areas/new-bus-stand-catering.html,servicing-areas/pennathur-bus-stand-catering.html,36.98,63.02,PASS,4581
servicing-areas/pennathur-bus-stand-catering.html,servicing-areas/new-bus-stand-catering.html,36.98,63.02,PASS,4538
guides/blogs/housewarming-catering-timing-guide-practical-decisions-for-family-preferences.html,guides/blogs/housewarming-catering-food-counter-guide-practical-decisions-for-family-preferences.html,36.97,63.03,PASS,2909
guides/blogs/housewarming-catering-food-counter-guide-practical-decisions-for-family-preferences.html,guides/blogs/housewarming-catering-timing-guide-practical-decisions-for-family-preferences.html,36.97,63.03,PASS,3008
services/upanayanam-catering-in-vellore.html,services/temple-function-catering-in-vellore.html,36.89,63.11,PASS,4751
servicing-areas/pernambut-bus-stand-catering.html,servicing-areas/old-bus-stand-catering.html,36.82,63.18,PASS,4565
servicing-areas/vaniyambadi-bus-stand-catering.html,servicing-areas/ambur-bus-stand-catering.html,36.82,63.18,PASS,4553
servicing-areas/madhanur-bus-stand-catering.html,servicing-areas/nemili-bus-stand-catering.html,36.78,63.22,PASS,4566
servicing-areas/nemili-bus-stand-catering.html,servicing-areas/madhanur-bus-stand-catering.html,36.78,63.22,PASS,4537
services/sathabhishekam-catering-in-vellore.html,services/seemandham-catering-in-vellore.html,36.77,63.23,PASS,4749
servicing-areas/katpadi-cmc-road-catering.html,servicing-areas/thorapadi-cmc-road-catering.html,36.77,63.23,PASS,4583
servicing-areas/thorapadi-cmc-road-catering.html,servicing-areas/katpadi-cmc-road-catering.html,36.77,63.23,PASS,4574
servicing-areas/pallikonda-bus-stand-catering.html,servicing-areas/walajapet-bus-stand-catering.html,36.72,63.28,PASS,4577
guides/blogs/how-to-improve-summer-events-for-catering-budget-planning-vellore-budget-planning-guide.html,guides/blogs/how-to-improve-summer-events-for-banana-leaf-service-vellore-budget-planning-guide.html,36.72,63.28,PASS,3284
guides/blogs/how-to-improve-summer-events-for-banana-leaf-service-vellore-budget-planning-guide.html,guides/blogs/how-to-improve-summer-events-for-catering-budget-planning-vellore-budget-planning-guide.html,36.72,63.28,PASS,3289
services/meal-subscription-catering-in-vellore.html,services/mess-catering-in-vellore.html,36.7,63.3,PASS,4897
services/christmas-catering-in-vellore.html,services/diwali-catering-in-vellore.html,36.69,63.31,PASS,4623
services/convocation-catering-in-vellore.html,services/student-hostel-catering-in-vellore.html,36.68,63.32,PASS,4702
services/pre-wedding-function-catering-in-vellore.html,services/engagement-catering-in-vellore.html,36.67,63.33,PASS,4939
services/retirement-home-catering-in-vellore.html,services/hospital-catering-in-vellore.html,36.63,63.37,PASS,4910
guides/blogs/live-food-counters-mistakes-to-avoid-practical-decisions-for-summer-events.html,guides/blogs/live-food-counters-service-guide-practical-decisions-for-summer-events.html,36.61,63.39,PASS,3105
guides/blogs/live-food-counters-service-guide-practical-decisions-for-summer-events.html,guides/blogs/live-food-counters-mistakes-to-avoid-practical-decisions-for-summer-events.html,36.61,63.39,PASS,2989
services/housewarming-catering-in-vellore.html,services/new-year-party-catering-in-vellore.html,36.59,63.41,PASS,4666
servicing-areas/arcot-bus-stand-catering.html,servicing-areas/arakkonam-bus-stand-catering.html,36.57,63.43,PASS,4546
guides/blogs/how-to-improve-family-preferences-for-guest-count-planning-vellore-guest-count-guide.html,guides/blogs/how-to-improve-family-preferences-for-housewarming-catering-vellore-guest-count-guide.html,36.57,63.43,PASS,3162
guides/blogs/how-to-improve-family-preferences-for-housewarming-catering-vellore-guest-count-guide.html,guides/blogs/how-to-improve-family-preferences-for-guest-count-planning-vellore-guest-count-guide.html,36.57,63.43,PASS,3073
services/tamil-new-year-catering-in-vellore.html,services/pongal-catering-in-vellore.html,36.56,63.44,PASS,5106
services/reception-catering-in-vellore.html,services/wedding-catering-in-vellore.html,36.54,63.46,PASS,4685
guides/blogs/how-to-improve-service-timing-for-temple-function-catering-vellore-mistakes-to-avoid.html,guides/blogs/how-to-improve-service-timing-for-live-food-counters-vellore-mistakes-to-avoid.html,36.52,63.48,PASS,3286
guides/blogs/how-to-improve-service-timing-for-live-food-counters-vellore-mistakes-to-avoid.html,guides/blogs/how-to-improve-service-timing-for-temple-function-catering-vellore-mistakes-to-avoid.html,36.52,63.48,PASS,3276
servicing-areas/ammundi-r-f-catering.html,servicing-areas/ammundi-catering.html,36.43,63.57,PASS,4536
servicing-areas/ammundi-catering.html,servicing-areas/ammundi-r-f-catering.html,36.43,63.57,PASS,4132
guides/blogs/south-indian-wedding-menus-food-counter-guide-practical-decisions-for-family-preferences.html,guides/blogs/south-indian-wedding-menus-checklist-practical-decisions-for-family-preferences.html,36.41,63.59,PASS,3187
guides/blogs/south-indian-wedding-menus-checklist-practical-decisions-for-family-preferences.html,guides/blogs/south-indian-wedding-menus-food-counter-guide-practical-decisions-for-family-preferences.html,36.41,63.59,PASS,3019
services/ganesh-chaturthi-catering-in-vellore.html,services/tamil-new-year-catering-in-vellore.html,36.36,63.64,PASS,4873
services/ramadan-iftar-catering-in-vellore.html,services/eid-catering-in-vellore.html,36.36,63.64,PASS,4682
services/concert-catering-in-vellore.html,services/vip-catering-in-vellore.html,36.35,63.65,PASS,4653
services/vip-catering-in-vellore.html,services/concert-catering-in-vellore.html,36.35,63.65,PASS,4649
services/outdoor-catering-in-vellore.html,services/food-stall-catering-in-vellore.html,36.32,63.68,PASS,4775
services/milestone-celebration-catering-in-vellore.html,services/new-year-party-catering-in-vellore.html,36.29,63.71,PASS,4885
services/krishna-jayanthi-catering-in-vellore.html,services/christmas-catering-in-vellore.html,36.28,63.72,PASS,4881
guides/blogs/how-to-improve-summer-events-for-tamil-vegetarian-catering-vellore-mistakes-to-avoid.html,guides/blogs/how-to-improve-summer-events-for-filter-coffee-service-vellore-mistakes-to-avoid.html,36.27,63.73,PASS,3301
guides/blogs/how-to-improve-summer-events-for-filter-coffee-service-vellore-mistakes-to-avoid.html,guides/blogs/how-to-improve-summer-events-for-tamil-vegetarian-catering-vellore-mistakes-to-avoid.html,36.27,63.73,PASS,3287
guides/blogs/how-to-improve-summer-events-for-seemandham-catering-in-vellore-vellore-service-guide.html,guides/blogs/how-to-improve-summer-events-for-lunch-catering-vellore-service-guide.html,36.22,63.78,PASS,3270
guides/blogs/how-to-improve-summer-events-for-lunch-catering-vellore-service-guide.html,guides/blogs/how-to-improve-summer-events-for-seemandham-catering-in-vellore-vellore-service-guide.html,36.22,63.78,PASS,3098
servicing-areas/thiruvalam-bus-stand-catering.html,servicing-areas/odugathur-bus-stand-catering.html,36.16,63.84,PASS,4580
servicing-areas/gudiyatham-bus-stand-catering.html,servicing-areas/vellore-bus-stand-catering.html,36.16,63.84,PASS,4577
guides/blogs/how-to-improve-mixed-menus-for-annadhanam-catering-vellore-guest-count-guide.html,guides/blogs/how-to-improve-mixed-menus-for-catering-service-staff-vellore-guest-count-guide.html,36.14,63.86,PASS,3107
guides/blogs/how-to-improve-mixed-menus-for-catering-service-staff-vellore-guest-count-guide.html,guides/blogs/how-to-improve-mixed-menus-for-annadhanam-catering-vellore-guest-count-guide.html,36.14,63.86,PASS,3207
services/backstage-catering-in-vellore.html,services/exhibition-catering-in-vellore.html,36.11,63.89,PASS,4640
services/exhibition-catering-in-vellore.html,services/backstage-catering-in-vellore.html,36.11,63.89,PASS,4655
servicing-areas/kv-kuppam-bus-stand-catering.html,servicing-areas/arakkonam-bus-stand-catering.html,36.1,63.9,PASS,4750
guides/blogs/non-vegetarian-catering-guest-count-guide-practical-decisions-for-mixed-menus.html,guides/blogs/non-vegetarian-catering-checklist-practical-decisions-for-mixed-menus.html,36.1,63.9,PASS,2939
guides/blogs/non-vegetarian-catering-checklist-practical-decisions-for-mixed-menus.html,guides/blogs/non-vegetarian-catering-guest-count-guide-practical-decisions-for-mixed-menus.html,36.1,63.9,PASS,2820
services/bridal-shower-catering-in-vellore.html,services/haldi-catering-in-vellore.html,36.07,63.93,PASS,4934
services/haldi-catering-in-vellore.html,services/bridal-shower-catering-in-vellore.html,36.07,63.93,PASS,4668
guides/blogs/how-to-improve-service-timing-for-catering-budget-planning-vellore-menu-guide.html,guides/blogs/how-to-improve-service-timing-for-tamil-vegetarian-catering-vellore-menu-guide.html,36.07,63.93,PASS,3192
guides/blogs/how-to-improve-service-timing-for-tamil-vegetarian-catering-vellore-menu-guide.html,guides/blogs/how-to-improve-service-timing-for-catering-budget-planning-vellore-menu-guide.html,36.07,63.93,PASS,3186
services/sangeet-catering-in-vellore.html,services/muslim-wedding-catering-in-vellore.html,36.03,63.97,PASS,4688
services/patient-meal-catering-in-vellore.html,services/retirement-home-catering-in-vellore.html,35.99,64.01,PASS,4910
services/full-service-catering-in-vellore.html,services/outdoor-catering-in-vellore.html,35.99,64.01,PASS,4752
guides/blogs/seemandham-catering-in-vellore-budget-planning-guide-practical-decisions-for-summer-events.html,guides/blogs/seemandham-catering-in-vellore-mistakes-to-avoid-practical-decisions-for-summer-events.html,35.96,64.04,PASS,3183
guides/blogs/seemandham-catering-in-vellore-mistakes-to-avoid-practical-decisions-for-summer-events.html,guides/blogs/seemandham-catering-in-vellore-budget-planning-guide-practical-decisions-for-summer-events.html,35.96,64.04,PASS,3193
guides/blogs/engagement-catering-venue-coordination-guide-practical-decisions-for-summer-events.html,guides/blogs/engagement-catering-budget-planning-guide-practical-decisions-for-summer-events.html,35.84,64.16,PASS,2999
guides/blogs/engagement-catering-budget-planning-guide-practical-decisions-for-summer-events.html,guides/blogs/engagement-catering-venue-coordination-guide-practical-decisions-for-summer-events.html,35.84,64.16,PASS,2981
services/sweet-and-savoury-catering-in-vellore.html,services/restaurant-catering-in-vellore.html,35.83,64.17,PASS,5146
services/political-meeting-catering-in-vellore.html,services/club-function-catering-in-vellore.html,35.82,64.18,PASS,4866
guides/blogs/how-to-improve-family-preferences-for-catering-service-staff-vellore-food-counter-guide.html,guides/blogs/how-to-improve-family-preferences-for-buffet-catering-vellore-food-counter-guide.html,35.8,64.2,PASS,3277
services/bengali-catering-in-vellore.html,services/punjabi-catering-in-vellore.html,35.78,64.22,PASS,4702
services/punjabi-catering-in-vellore.html,services/bengali-catering-in-vellore.html,35.78,64.22,PASS,4677
services/mehendi-catering-in-vellore.html,services/haldi-catering-in-vellore.html,35.78,64.22,PASS,4668
guides/blogs/buffet-catering-food-counter-guide-practical-decisions-for-mixed-menus.html,guides/blogs/buffet-catering-checklist-practical-decisions-for-mixed-menus.html,35.76,64.24,PASS,2986
guides/blogs/buffet-catering-checklist-practical-decisions-for-mixed-menus.html,guides/blogs/buffet-catering-food-counter-guide-practical-decisions-for-mixed-menus.html,35.76,64.24,PASS,2804
servicing-areas/vellore-main-road-catering.html,servicing-areas/katpadi-main-road-catering.html,35.73,64.27,PASS,4590
servicing-areas/katpadi-main-road-catering.html,servicing-areas/vellore-main-road-catering.html,35.73,64.27,PASS,4566
services/conference-catering-in-vellore.html,services/business-meeting-catering-in-vellore.html,35.72,64.28,PASS,4680
services/business-meeting-catering-in-vellore.html,services/conference-catering-in-vellore.html,35.72,64.28,PASS,4945
guides/blogs/how-to-improve-mixed-menus-for-school-event-catering-vellore-guest-count-guide.html,guides/blogs/how-to-improve-mixed-menus-for-buffet-catering-vellore-guest-count-guide.html,35.72,64.28,PASS,3187
guides/blogs/how-to-improve-mixed-menus-for-buffet-catering-vellore-guest-count-guide.html,guides/blogs/how-to-improve-mixed-menus-for-school-event-catering-vellore-guest-count-guide.html,35.72,64.28,PASS,3110
guides/blogs/venue-coordination-timing-guide-practical-decisions-for-family-preferences.html,guides/blogs/venue-coordination-planning-guide-practical-decisions-for-family-preferences.html,35.71,64.29,PASS,2927
guides/blogs/venue-coordination-planning-guide-practical-decisions-for-family-preferences.html,guides/blogs/venue-coordination-timing-guide-practical-decisions-for-family-preferences.html,35.71,64.29,PASS,2916
services/reunion-catering-in-vellore.html,services/lawn-party-catering-in-vellore.html,35.67,64.33,PASS,4632
guides/blogs/how-to-improve-mixed-menus-for-reception-dinner-catering-vellore-food-counter-guide.html,guides/blogs/how-to-improve-mixed-menus-for-dessert-counters-vellore-food-counter-guide.html,35.67,64.33,PASS,3271
guides/blogs/how-to-improve-mixed-menus-for-dessert-counters-vellore-food-counter-guide.html,guides/blogs/how-to-improve-mixed-menus-for-reception-dinner-catering-vellore-food-counter-guide.html,35.67,64.33,PASS,3178
guides/blogs/how-to-improve-family-preferences-for-school-event-catering-vellore-food-counter-guide.html,guides/blogs/how-to-improve-family-preferences-for-buffet-catering-vellore-food-counter-guide.html,35.65,64.35,PASS,3283
services/nichayathartham-catering-in-vellore.html,services/christian-wedding-catering-in-vellore.html,35.62,64.38,PASS,4728
services/dessert-catering-in-vellore.html,services/full-service-catering-in-vellore.html,35.61,64.39,PASS,4752
services/workshop-catering-in-vellore.html,services/corporate-dinner-catering-in-vellore.html,35.6,64.4,PASS,4728
servicing-areas/katpadi-bus-stand-catering.html,servicing-areas/pennathur-bus-stand-catering.html,35.59,64.41,PASS,4574
services/bulk-catering-in-vellore.html,services/full-service-catering-in-vellore.html,35.57,64.43,PASS,4769
services/trade-show-catering-in-vellore.html,services/exhibition-catering-in-vellore.html,35.5,64.5,PASS,4858
guides/blogs/how-to-improve-service-timing-for-biryani-catering-vellore-budget-planning-guide.html,guides/blogs/how-to-improve-service-timing-for-seemandham-catering-in-vellore-vellore-budget-planning-guide.html,35.49,64.51,PASS,3212
guides/blogs/how-to-improve-family-preferences-for-reception-dinner-catering-vellore-guest-count-guide.html,guides/blogs/how-to-improve-family-preferences-for-housewarming-catering-vellore-guest-count-guide.html,35.49,64.51,PASS,3181
services/contract-catering-in-vellore.html,services/corporate-catering-in-vellore.html,35.48,64.52,PASS,4667
services/bereavement-meal-catering-in-vellore.html,services/new-year-party-catering-in-vellore.html,35.48,64.52,PASS,4913
services/maharashtrian-catering-in-vellore.html,services/karnataka-catering-in-vellore.html,35.46,64.54,PASS,4679
services/karnataka-catering-in-vellore.html,services/maharashtrian-catering-in-vellore.html,35.46,64.54,PASS,4670
services/annual-day-catering-in-vellore.html,services/conference-catering-in-vellore.html,35.46,64.54,PASS,4933
services/resort-catering-in-vellore.html,services/banquet-catering-in-vellore.html,35.45,64.55,PASS,4741
services/banquet-catering-in-vellore.html,services/resort-catering-in-vellore.html,35.45,64.55,PASS,4729
guides/blogs/reception-dinner-catering-timing-guide-practical-decisions-for-mixed-menus.html,guides/blogs/reception-dinner-catering-planning-guide-practical-decisions-for-mixed-menus.html,35.39,64.61,PASS,3000
guides/blogs/reception-dinner-catering-planning-guide-practical-decisions-for-mixed-menus.html,guides/blogs/reception-dinner-catering-timing-guide-practical-decisions-for-mixed-menus.html,35.39,64.61,PASS,2989
services/continental-catering-in-vellore.html,services/punjabi-catering-in-vellore.html,35.38,64.62,PASS,4646
guides/blogs/how-to-improve-service-timing-for-lunch-catering-vellore-budget-planning-guide.html,guides/blogs/how-to-improve-service-timing-for-biryani-catering-vellore-budget-planning-guide.html,35.37,64.63,PASS,3160
services/press-meet-catering-in-vellore.html,services/vip-catering-in-vellore.html,35.35,64.65,PASS,4885
services/italian-catering-in-vellore.html,services/south-indian-catering-in-vellore.html,35.35,64.65,PASS,4701
services/rajasthani-catering-in-vellore.html,services/international-catering-in-vellore.html,35.34,64.66,PASS,4678
services/international-catering-in-vellore.html,services/rajasthani-catering-in-vellore.html,35.34,64.66,PASS,4680
guides/blogs/catering-budget-planning-menu-guide-practical-decisions-for-summer-events.html,guides/blogs/catering-budget-planning-venue-coordination-guide-practical-decisions-for-summer-events.html,35.33,64.67,PASS,2970
guides/blogs/catering-budget-planning-venue-coordination-guide-practical-decisions-for-summer-events.html,guides/blogs/catering-budget-planning-menu-guide-practical-decisions-for-summer-events.html,35.33,64.67,PASS,3113
services/gujarati-catering-in-vellore.html,services/vegetarian-catering-in-vellore.html,35.32,64.68,PASS,4718
servicing-areas/old-katpadi-road-catering.html,servicing-areas/new-katpadi-road-catering.html,35.32,64.68,PASS,4531
servicing-areas/new-katpadi-road-catering.html,servicing-areas/old-katpadi-road-catering.html,35.32,64.68,PASS,4583
services/memorial-catering-in-vellore.html,services/lawn-party-catering-in-vellore.html,35.3,64.7,PASS,4654
services/fundraiser-catering-in-vellore.html,services/club-function-catering-in-vellore.html,35.3,64.7,PASS,4599
guides/blogs/corporate-catering-venue-coordination-guide-practical-decisions-for-summer-events.html,guides/blogs/corporate-catering-menu-guide-practical-decisions-for-summer-events.html,35.3,64.7,PASS,3006
guides/blogs/corporate-catering-menu-guide-practical-decisions-for-summer-events.html,guides/blogs/corporate-catering-venue-coordination-guide-practical-decisions-for-summer-events.html,35.3,64.7,PASS,2938
services/condolence-catering-in-vellore.html,services/baby-welcome-catering-in-vellore.html,35.28,64.72,PASS,4696
services/baby-welcome-catering-in-vellore.html,services/condolence-catering-in-vellore.html,35.28,64.72,PASS,4916
guides/blogs/how-to-improve-family-preferences-for-catering-service-staff-vellore-timing-guide.html,guides/blogs/how-to-improve-family-preferences-for-birthday-catering-in-vellore-vellore-timing-guide.html,35.23,64.77,PASS,3205
guides/blogs/corporate-catering-mistakes-to-avoid-practical-decisions-for-service-timing.html,guides/blogs/corporate-catering-budget-planning-guide-practical-decisions-for-service-timing.html,35.21,64.79,PASS,3010
guides/blogs/corporate-catering-budget-planning-guide-practical-decisions-for-service-timing.html,guides/blogs/corporate-catering-mistakes-to-avoid-practical-decisions-for-service-timing.html,35.21,64.79,PASS,2988
services/travel-catering-in-vellore.html,services/hotel-catering-in-vellore.html,35.19,64.81,PASS,4722
services/hotel-catering-in-vellore.html,services/travel-catering-in-vellore.html,35.19,64.81,PASS,4716
services/training-program-catering-in-vellore.html,services/corporate-dinner-catering-in-vellore.html,35.18,64.82,PASS,4927
services/award-show-catering-in-vellore.html,services/sports-event-catering-in-vellore.html,35.17,64.83,PASS,4797
services/festival-catering-in-vellore.html,services/sports-event-catering-in-vellore.html,35.16,64.84,PASS,4665
services/political-event-hospitality-catering-in-vellore.html,services/concert-catering-in-vellore.html,35.12,64.88,PASS,4872
services/sit-down-catering-in-vellore.html,services/mass-catering-in-vellore.html,35.11,64.89,PASS,4762
services/mass-catering-in-vellore.html,services/sit-down-catering-in-vellore.html,35.11,64.89,PASS,4767
services/fusion-catering-in-vellore.html,services/italian-catering-in-vellore.html,35.1,64.9,PASS,4692
services/kerala-catering-in-vellore.html,services/punjabi-catering-in-vellore.html,35.09,64.91,PASS,4694
services/chettinad-catering-in-vellore.html,services/south-indian-catering-in-vellore.html,35.07,64.93,PASS,4707
guides/blogs/how-to-improve-summer-events-for-temple-function-catering-vellore-venue-coordination-guide.html,guides/blogs/how-to-improve-summer-events-for-food-hygiene-vellore-venue-coordination-guide.html,35.07,64.93,PASS,3262
guides/blogs/how-to-improve-summer-events-for-food-hygiene-vellore-venue-coordination-guide.html,guides/blogs/how-to-improve-summer-events-for-temple-function-catering-vellore-venue-coordination-guide.html,35.07,64.93,PASS,3178
services/mediterranean-catering-in-vellore.html,services/maharashtrian-catering-in-vellore.html,35.06,64.94,PASS,4669
services/groom-bridal-welcome-catering-in-vellore.html,services/wedding-catering-in-vellore.html,35.04,64.96,PASS,4941
services/telugu-catering-in-vellore.html,services/vegetarian-catering-in-vellore.html,35.04,64.96,PASS,4685
services/seminar-catering-in-vellore.html,services/corporate-catering-in-vellore.html,35.04,64.96,PASS,4705
guides/blogs/how-to-improve-summer-events-for-seemandham-catering-in-vellore-vellore-mistakes-to-avoid.html,guides/blogs/how-to-improve-summer-events-for-filter-coffee-service-vellore-mistakes-to-avoid.html,35.03,64.97,PASS,3348
guides/blogs/how-to-improve-family-preferences-for-buffet-catering-vellore-timing-guide.html,guides/blogs/how-to-improve-family-preferences-for-birthday-catering-in-vellore-vellore-timing-guide.html,35.03,64.97,PASS,3116
guides/blogs/how-to-improve-summer-events-for-biryani-catering-vellore-service-guide.html,guides/blogs/how-to-improve-summer-events-for-lunch-catering-vellore-service-guide.html,34.98,65.02,PASS,3068
guides/blogs/how-to-improve-family-preferences-for-breakfast-catering-vellore-planning-guide.html,guides/blogs/how-to-improve-family-preferences-for-dessert-counters-vellore-planning-guide.html,34.97,65.03,PASS,3090
services/andhra-catering-in-vellore.html,services/italian-catering-in-vellore.html,34.95,65.05,PASS,4683
services/beach-wedding-catering-in-vellore.html,services/outdoor-venue-catering-in-vellore.html,34.94,65.06,PASS,4942
services/outdoor-venue-catering-in-vellore.html,services/beach-wedding-catering-in-vellore.html,34.94,65.06,PASS,4970
services/asian-catering-in-vellore.html,services/international-catering-in-vellore.html,34.9,65.1,PASS,4693
guides/blogs/how-to-improve-family-preferences-for-venue-coordination-vellore-checklist.html,guides/blogs/how-to-improve-family-preferences-for-non-vegetarian-catering-vellore-checklist.html,34.87,65.13,PASS,3003
guides/blogs/breakfast-catering-timing-guide-practical-decisions-for-mixed-menus.html,guides/blogs/breakfast-catering-food-counter-guide-practical-decisions-for-mixed-menus.html,34.86,65.14,PASS,2910
guides/blogs/breakfast-catering-food-counter-guide-practical-decisions-for-mixed-menus.html,guides/blogs/breakfast-catering-timing-guide-practical-decisions-for-mixed-menus.html,34.86,65.14,PASS,3001
services/fashion-show-catering-in-vellore.html,services/vip-catering-in-vellore.html,34.82,65.18,PASS,4882
services/agm-catering-in-vellore.html,services/contract-catering-in-vellore.html,34.82,65.18,PASS,4702
guides/blogs/how-to-improve-service-timing-for-engagement-catering-vellore-venue-coordination-guide.html,guides/blogs/how-to-improve-service-timing-for-filter-coffee-service-vellore-venue-coordination-guide.html,34.82,65.18,PASS,3184
guides/blogs/how-to-improve-service-timing-for-filter-coffee-service-vellore-venue-coordination-guide.html,guides/blogs/how-to-improve-service-timing-for-engagement-catering-vellore-venue-coordination-guide.html,34.82,65.18,PASS,3264
guides/blogs/how-to-improve-service-timing-for-banana-leaf-service-vellore-service-guide.html,guides/blogs/how-to-improve-service-timing-for-corporate-catering-vellore-service-guide.html,34.81,65.19,PASS,3191
guides/blogs/how-to-improve-service-timing-for-corporate-catering-vellore-service-guide.html,guides/blogs/how-to-improve-service-timing-for-banana-leaf-service-vellore-service-guide.html,34.81,65.19,PASS,3097
services/marriage-hall-catering-in-vellore.html,services/sangeet-catering-in-vellore.html,34.78,65.22,PASS,4940
services/film-tv-shoot-catering-in-vellore.html,services/backstage-catering-in-vellore.html,34.77,65.23,PASS,4885
services/pure-veg-catering-in-vellore.html,services/rajasthani-catering-in-vellore.html,34.77,65.23,PASS,4904
guides/blogs/how-to-improve-mixed-menus-for-buffet-catering-vellore-planning-guide.html,guides/blogs/how-to-improve-mixed-menus-for-venue-coordination-vellore-planning-guide.html,34.76,65.24,PASS,3103
services/convention-centre-catering-in-vellore.html,services/resort-catering-in-vellore.html,34.75,65.25,PASS,4938
services/product-launch-catering-in-vellore.html,services/corporate-dinner-catering-in-vellore.html,34.66,65.34,PASS,4947
services/banana-leaf-catering-in-vellore.html,services/box-meal-catering-in-vellore.html,34.65,65.35,PASS,4966
services/destination-event-catering-in-vellore.html,services/banquet-catering-in-vellore.html,34.65,65.35,PASS,4978
services/buffet-catering-in-vellore.html,services/food-truck-catering-in-vellore.html,34.63,65.37,PASS,4711
guides/blogs/how-to-improve-mixed-menus-for-school-event-catering-vellore-planning-guide.html,guides/blogs/how-to-improve-mixed-menus-for-school-event-catering-vellore-guest-count-guide.html,34.62,65.38,PASS,3200
guides/blogs/how-to-improve-family-preferences-for-guest-count-planning-vellore-checklist.html,guides/blogs/how-to-improve-family-preferences-for-housewarming-catering-vellore-checklist.html,34.61,65.39,PASS,3110
guides/blogs/how-to-improve-summer-events-for-temple-function-catering-vellore-menu-guide.html,guides/blogs/how-to-improve-summer-events-for-wedding-catering-in-vellore-vellore-menu-guide.html,34.6,65.4,PASS,3175
guides/blogs/non-vegetarian-catering-food-counter-guide-for-mixed-menus-around-arakkonam-junction.html,guides/blogs/non-vegetarian-catering-food-counter-guide-practical-decisions-for-family-preferences.html,34.58,65.42,PASS,3126
guides/blogs/how-to-improve-mixed-menus-for-south-indian-wedding-menus-vellore-timing-guide.html,guides/blogs/how-to-improve-mixed-menus-for-south-indian-wedding-menus-vellore-food-counter-guide.html,34.57,65.43,PASS,3282
guides/blogs/how-to-improve-mixed-menus-for-south-indian-wedding-menus-vellore-food-counter-guide.html,guides/blogs/how-to-improve-mixed-menus-for-south-indian-wedding-menus-vellore-timing-guide.html,34.57,65.43,PASS,3356
services/brahmin-sattvic-catering-in-vellore.html,services/karnataka-catering-in-vellore.html,34.55,65.45,PASS,4655
guides/blogs/how-to-improve-mixed-menus-for-breakfast-catering-vellore-checklist.html,guides/blogs/how-to-improve-mixed-menus-for-catering-service-staff-vellore-checklist.html,34.54,65.46,PASS,2976
guides/blogs/how-to-improve-mixed-menus-for-catering-service-staff-vellore-checklist.html,guides/blogs/how-to-improve-mixed-menus-for-breakfast-catering-vellore-checklist.html,34.54,65.46,PASS,3080
services/thali-catering-in-vellore.html,services/buffet-catering-in-vellore.html,34.52,65.48,PASS,4763
services/chinese-indo-chinese-catering-in-vellore.html,services/chettinad-catering-in-vellore.html,34.47,65.53,PASS,4648
services/on-site-cooking-catering-in-vellore.html,services/box-meal-catering-in-vellore.html,34.46,65.54,PASS,4984
guides/blogs/how-to-improve-family-preferences-for-south-indian-wedding-menus-vellore-guest-count-guide.html,guides/blogs/how-to-improve-family-preferences-for-housewarming-catering-vellore-guest-count-guide.html,34.46,65.54,PASS,3276
servicing-areas/fort-main-road-catering.html,servicing-areas/vellore-main-road-catering.html,34.42,65.58,PASS,4529
guides/blogs/how-to-improve-mixed-menus-for-dessert-counters-vellore-checklist.html,guides/blogs/how-to-improve-mixed-menus-for-birthday-catering-in-vellore-vellore-checklist.html,34.42,65.58,PASS,3015
guides/blogs/how-to-improve-mixed-menus-for-birthday-catering-in-vellore-vellore-checklist.html,guides/blogs/how-to-improve-mixed-menus-for-dessert-counters-vellore-checklist.html,34.42,65.58,PASS,3158
guides/blogs/annadhanam-catering-timing-guide-practical-decisions-for-mixed-menus.html,guides/blogs/annadhanam-catering-food-counter-guide-practical-decisions-for-mixed-menus.html,34.41,65.59,PASS,2879
guides/blogs/annadhanam-catering-food-counter-guide-practical-decisions-for-mixed-menus.html,guides/blogs/annadhanam-catering-timing-guide-practical-decisions-for-mixed-menus.html,34.41,65.59,PASS,2997
services/indoor-catering-in-vellore.html,services/mass-catering-in-vellore.html,34.4,65.6,PASS,4745
guides/blogs/how-to-improve-summer-events-for-filter-coffee-service-vellore-service-guide.html,guides/blogs/how-to-improve-summer-events-for-seemandham-catering-in-vellore-vellore-service-guide.html,34.38,65.62,PASS,3183
servicing-areas/katpadi-road-catering.html,servicing-areas/old-katpadi-road-catering.html,34.36,65.64,PASS,4384
guides/blogs/how-to-improve-summer-events-for-lunch-catering-vellore-menu-guide.html,guides/blogs/how-to-improve-summer-events-for-lunch-catering-vellore-service-guide.html,34.35,65.65,PASS,3076
services/airport-travel-group-catering-in-vellore.html,services/banquet-catering-in-vellore.html,34.34,65.66,PASS,4940
guides/blogs/how-to-improve-mixed-menus-for-annadhanam-catering-vellore-checklist.html,guides/blogs/how-to-improve-mixed-menus-for-breakfast-catering-vellore-checklist.html,34.33,65.67,PASS,2982
services/farmhouse-catering-in-vellore.html,services/beach-wedding-catering-in-vellore.html,34.3,65.7,PASS,4725
services/industrial-canteen-catering-in-vellore.html,services/corporate-dinner-catering-in-vellore.html,34.25,65.75,PASS,4886
services/stadium-event-venue-catering-in-vellore.html,services/festival-catering-in-vellore.html,34.2,65.8,PASS,4909
services/live-counter-catering-in-vellore.html,services/mass-catering-in-vellore.html,34.19,65.81,PASS,4975
guides/blogs/how-to-improve-family-preferences-for-dessert-counters-vellore-guest-count-guide.html,guides/blogs/how-to-improve-family-preferences-for-housewarming-catering-vellore-guest-count-guide.html,34.16,65.84,PASS,3055
guides/blogs/how-to-improve-summer-events-for-tamil-vegetarian-catering-vellore-budget-planning-guide.html,guides/blogs/how-to-improve-summer-events-for-banana-leaf-service-vellore-budget-planning-guide.html,34.13,65.87,PASS,3299
services/drop-off-catering-in-vellore.html,services/full-service-catering-in-vellore.html,34.06,65.94,PASS,4776
services/employee-meal-catering-in-vellore.html,services/product-launch-catering-in-vellore.html,34.04,65.96,PASS,4928
guides/blogs/catering-service-staff-guest-count-guide-practical-decisions-for-family-preferences.html,guides/blogs/catering-service-staff-planning-guide-practical-decisions-for-family-preferences.html,34.01,65.99,PASS,3038
guides/blogs/catering-service-staff-planning-guide-practical-decisions-for-family-preferences.html,guides/blogs/catering-service-staff-guest-count-guide-practical-decisions-for-family-preferences.html,34.01,65.99,PASS,2998
services/dealer-meet-catering-in-vellore.html,services/business-meeting-catering-in-vellore.html,33.94,66.06,PASS,4934
guides/blogs/how-to-improve-service-timing-for-temple-function-catering-vellore-service-guide.html,guides/blogs/how-to-improve-service-timing-for-corporate-catering-vellore-service-guide.html,33.94,66.06,PASS,3174
services/plated-catering-in-vellore.html,services/buffet-catering-in-vellore.html,33.93,66.07,PASS,4742
services/office-lunch-catering-in-vellore.html,services/corporate-catering-in-vellore.html,33.85,66.15,PASS,4940
services/beverage-catering-in-vellore.html,services/full-service-catering-in-vellore.html,33.82,66.18,PASS,4730
services/team-outing-catering-in-vellore.html,services/seminar-catering-in-vellore.html,33.81,66.19,PASS,4953
services/delivery-catering-in-vellore.html,services/mass-catering-in-vellore.html,33.8,66.2,PASS,4743
services/central-kitchen-catering-in-vellore.html,services/beverage-catering-in-vellore.html,33.78,66.22,PASS,4966
servicing-areas/thorapadi-road-catering.html,servicing-areas/thorapadi-cmc-road-catering.html,33.77,66.23,PASS,4440
guides/blogs/how-to-improve-service-timing-for-tamil-vegetarian-catering-vellore-venue-coordination-guide.html,guides/blogs/how-to-improve-service-timing-for-engagement-catering-vellore-venue-coordination-guide.html,33.74,66.26,PASS,3290
services/high-tea-catering-in-vellore.html,services/delivery-catering-in-vellore.html,33.73,66.27,PASS,4985
guides/blogs/how-to-improve-summer-events-for-banana-leaf-service-vellore-venue-coordination-guide.html,guides/blogs/how-to-improve-summer-events-for-temple-function-catering-vellore-venue-coordination-guide.html,33.7,66.3,PASS,3252
services/cocktail-canape-catering-in-vellore.html,services/drop-off-catering-in-vellore.html,33.69,66.31,PASS,4760
guides/blogs/venue-coordination-checklist-practical-decisions-for-mixed-menus.html,guides/blogs/venue-coordination-guest-count-guide-practical-decisions-for-mixed-menus.html,33.46,66.54,PASS,2809
guides/blogs/venue-coordination-guest-count-guide-practical-decisions-for-mixed-menus.html,guides/blogs/venue-coordination-checklist-practical-decisions-for-mixed-menus.html,33.46,66.54,PASS,2916
services/coffee-break-catering-in-vellore.html,services/mass-catering-in-vellore.html,33.45,66.55,PASS,4953
guides/blogs/reception-dinner-catering-checklist-practical-decisions-for-family-preferences.html,guides/blogs/reception-dinner-catering-food-counter-guide-practical-decisions-for-family-preferences.html,33.39,66.61,PASS,2928
guides/blogs/reception-dinner-catering-food-counter-guide-practical-decisions-for-family-preferences.html,guides/blogs/reception-dinner-catering-checklist-practical-decisions-for-family-preferences.html,33.39,66.61,PASS,3074
guides/blogs/wedding-catering-in-vellore-mistakes-to-avoid-practical-decisions-for-summer-events.html,guides/blogs/wedding-catering-in-vellore-service-guide-practical-decisions-for-summer-events.html,33.39,66.61,PASS,3179
guides/blogs/wedding-catering-in-vellore-service-guide-practical-decisions-for-summer-events.html,guides/blogs/wedding-catering-in-vellore-mistakes-to-avoid-practical-decisions-for-summer-events.html,33.39,66.61,PASS,3101
guides/blogs/how-to-improve-service-timing-for-lunch-catering-vellore-venue-coordination-guide.html,guides/blogs/how-to-improve-service-timing-for-seemandham-catering-in-vellore-vellore-venue-coordination-guide.html,33.2,66.8,PASS,3190
guides/blogs/how-to-improve-service-timing-for-seemandham-catering-in-vellore-vellore-venue-coordination-guide.html,guides/blogs/how-to-improve-service-timing-for-lunch-catering-vellore-venue-coordination-guide.html,33.2,66.8,PASS,3378
guides/blogs/how-to-improve-summer-events-for-live-food-counters-vellore-menu-guide.html,guides/blogs/how-to-improve-summer-events-for-temple-function-catering-vellore-menu-guide.html,33.19,66.81,PASS,3202
servicing-areas/cmc-hospital-road-catering.html,servicing-areas/cmc-golden-jubilee-road-catering.html,33.14,66.86,PASS,4581
servicing-areas/cmc-golden-jubilee-road-catering.html,servicing-areas/cmc-hospital-road-catering.html,33.14,66.86,PASS,4684
guides/blogs/how-to-improve-summer-events-for-corporate-catering-vellore-budget-planning-guide.html,guides/blogs/how-to-improve-summer-events-for-catering-budget-planning-vellore-budget-planning-guide.html,32.91,67.09,PASS,3206
guides/blogs/how-to-improve-service-timing-for-catering-budget-planning-vellore-service-guide.html,guides/blogs/how-to-improve-service-timing-for-banana-leaf-service-vellore-service-guide.html,32.83,67.17,PASS,3176
guides/blogs/how-to-improve-service-timing-for-food-hygiene-vellore-service-guide.html,guides/blogs/how-to-improve-service-timing-for-catering-budget-planning-vellore-service-guide.html,32.81,67.19,PASS,3104
guides/blogs/banana-leaf-catering-in-vellore-timing-guide-for-large-guest-counts.html,guides/blogs/vegetarian-catering-in-vellore-timing-guide-for-large-guest-counts.html,32.66,67.34,PASS,3107
guides/blogs/vegetarian-catering-in-vellore-timing-guide-for-large-guest-counts.html,guides/blogs/banana-leaf-catering-in-vellore-timing-guide-for-large-guest-counts.html,32.66,67.34,PASS,2988
guides/blogs/how-to-improve-mixed-menus-for-birthday-catering-in-vellore-vellore-food-counter-guide.html,guides/blogs/how-to-improve-mixed-menus-for-south-indian-wedding-menus-vellore-food-counter-guide.html,32.55,67.45,PASS,3376
guides/blogs/how-to-improve-family-preferences-for-annadhanam-catering-vellore-timing-guide.html,guides/blogs/how-to-improve-family-preferences-for-catering-service-staff-vellore-timing-guide.html,32.55,67.45,PASS,3108
guides/blogs/non-vegetarian-catering-in-vellore-planning-guide-for-menu-balance.html,guides/blogs/contract-catering-in-vellore-planning-guide-for-menu-balance.html,32.54,67.46,PASS,2889
guides/blogs/contract-catering-in-vellore-planning-guide-for-menu-balance.html,guides/blogs/non-vegetarian-catering-in-vellore-planning-guide-for-menu-balance.html,32.54,67.46,PASS,2907
guides/blogs/high-tea-catering-in-vellore-timing-guide-for-large-guest-counts.html,guides/blogs/vegetarian-catering-in-vellore-timing-guide-for-large-guest-counts.html,32.42,67.58,PASS,3074
guides/blogs/annadhanam-catering-guest-count-guide-practical-decisions-for-family-preferences.html,guides/blogs/annadhanam-catering-planning-guide-practical-decisions-for-family-preferences.html,32.42,67.58,PASS,2921
guides/blogs/annadhanam-catering-planning-guide-practical-decisions-for-family-preferences.html,guides/blogs/annadhanam-catering-guest-count-guide-practical-decisions-for-family-preferences.html,32.42,67.58,PASS,2884
guides/blogs/how-to-improve-summer-events-for-live-food-counters-vellore-venue-coordination-guide.html,guides/blogs/how-to-improve-summer-events-for-banana-leaf-service-vellore-venue-coordination-guide.html,32.28,67.72,PASS,3278
services/tea-and-snack-catering-in-vellore.html,services/banana-leaf-catering-in-vellore.html,32.23,67.77,PASS,5228
servicing-areas/kuppam-catering.html,servicing-areas/kv-kuppam-catering.html,32.12,67.88,PASS,4206
servicing-areas/kv-kuppam-catering.html,servicing-areas/kuppam-catering.html,32.12,67.88,PASS,4367
servicing-areas/vellore-fort-road-catering.html,servicing-areas/vellore-main-road-catering.html,31.84,68.16,PASS,4547
services/daily-meal-service-in-vellore.html,services/bakery-catering-in-vellore.html,31.65,68.35,PASS,4940
guides/blogs/retirement-party-catering-in-vellore-timing-guide-for-live-counters.html,guides/blogs/father-s-day-catering-in-vellore-timing-guide-for-live-counters.html,31.61,68.39,PASS,2999
guides/blogs/father-s-day-catering-in-vellore-timing-guide-for-live-counters.html,guides/blogs/retirement-party-catering-in-vellore-timing-guide-for-live-counters.html,31.61,68.39,PASS,3004
guides/blogs/family-get-together-catering-in-vellore-timing-guide-for-large-guest-counts.html,guides/blogs/banana-leaf-catering-in-vellore-timing-guide-for-large-guest-counts.html,31.4,68.6,PASS,3127
guides/blogs/janmashtami-catering-in-vellore-food-counter-guide-for-dietary-requests.html,guides/blogs/award-show-catering-in-vellore-food-counter-guide-for-dietary-requests.html,31.36,68.64,PASS,2994
guides/blogs/engagement-catering-in-vellore-guest-count-guide-for-buffet-flow.html,guides/blogs/continental-catering-in-vellore-guest-count-guide-for-buffet-flow.html,31.2,68.8,PASS,2934
guides/blogs/continental-catering-in-vellore-guest-count-guide-for-buffet-flow.html,guides/blogs/engagement-catering-in-vellore-guest-count-guide-for-buffet-flow.html,31.2,68.8,PASS,2896
guides/blogs/corporate-catering-in-vellore-guest-count-guide-for-buffet-flow.html,guides/blogs/drop-off-catering-in-vellore-guest-count-guide-for-buffet-flow.html,31.19,68.81,PASS,2887
guides/blogs/drop-off-catering-in-vellore-guest-count-guide-for-buffet-flow.html,guides/blogs/corporate-catering-in-vellore-guest-count-guide-for-buffet-flow.html,31.19,68.81,PASS,2917
guides/blogs/new-year-party-catering-in-vellore-mistakes-to-avoid-for-small-gatherings.html,guides/blogs/tamil-new-year-catering-in-vellore-mistakes-to-avoid-for-small-gatherings.html,31.04,68.96,PASS,3196
guides/blogs/tamil-new-year-catering-in-vellore-mistakes-to-avoid-for-small-gatherings.html,guides/blogs/new-year-party-catering-in-vellore-mistakes-to-avoid-for-small-gatherings.html,31.04,68.96,PASS,3187
servicing-areas/ponnai-bazaar-catering.html,servicing-areas/anaicut-bazaar-catering.html,30.94,69.06,PASS,4420
servicing-areas/anaicut-bazaar-catering.html,servicing-areas/ponnai-bazaar-catering.html,30.94,69.06,PASS,4420
guides/blogs/workshop-catering-in-vellore-planning-guide-for-morning-functions.html,guides/blogs/navratri-catering-in-vellore-planning-guide-for-morning-functions.html,30.93,69.07,PASS,2927
guides/blogs/navratri-catering-in-vellore-planning-guide-for-morning-functions.html,guides/blogs/workshop-catering-in-vellore-planning-guide-for-morning-functions.html,30.93,69.07,PASS,2908
guides/blogs/sathabhishekam-catering-in-vellore-planning-guide-for-menu-balance.html,guides/blogs/baby-shower-catering-in-vellore-planning-guide-for-menu-balance.html,30.88,69.12,PASS,2924
guides/blogs/baby-shower-catering-in-vellore-planning-guide-for-menu-balance.html,guides/blogs/sathabhishekam-catering-in-vellore-planning-guide-for-menu-balance.html,30.88,69.12,PASS,2987
guides/blogs/buffet-catering-in-vellore-budget-planning-guide-for-evening-functions.html,guides/blogs/team-outing-catering-in-vellore-budget-planning-guide-for-evening-functions.html,30.87,69.13,PASS,2994
guides/blogs/team-outing-catering-in-vellore-budget-planning-guide-for-evening-functions.html,guides/blogs/buffet-catering-in-vellore-budget-planning-guide-for-evening-functions.html,30.87,69.13,PASS,3107
guides/blogs/birthday-party-catering-in-vellore-guest-count-guide-for-vegetarian-menus.html,guides/blogs/fundraiser-catering-in-vellore-guest-count-guide-for-vegetarian-menus.html,30.76,69.24,PASS,2990
guides/blogs/fundraiser-catering-in-vellore-guest-count-guide-for-vegetarian-menus.html,guides/blogs/birthday-party-catering-in-vellore-guest-count-guide-for-vegetarian-menus.html,30.76,69.24,PASS,2915
servicing-areas/ambur-bazaar-catering.html,servicing-areas/anaicut-bazaar-catering.html,30.75,69.25,PASS,4395
servicing-areas/sholinghur-bazaar-catering.html,servicing-areas/kv-kuppam-bazaar-catering.html,30.71,69.29,PASS,4403
servicing-areas/kv-kuppam-bazaar-catering.html,servicing-areas/sholinghur-bazaar-catering.html,30.71,69.29,PASS,4547
guides/blogs/employee-meal-catering-in-vellore-timing-guide-for-large-guest-counts.html,guides/blogs/vegetarian-catering-in-vellore-timing-guide-for-large-guest-counts.html,30.64,69.36,PASS,3116
guides/blogs/vip-catering-in-vellore-planning-guide-for-menu-balance.html,guides/blogs/sit-down-catering-in-vellore-planning-guide-for-menu-balance.html,30.62,69.38,PASS,2910
guides/blogs/sit-down-catering-in-vellore-planning-guide-for-menu-balance.html,guides/blogs/vip-catering-in-vellore-planning-guide-for-menu-balance.html,30.62,69.38,PASS,2914
guides/blogs/gruhapravesam-catering-in-vellore-guest-count-guide-for-buffet-flow.html,guides/blogs/corporate-catering-in-vellore-guest-count-guide-for-buffet-flow.html,30.55,69.45,PASS,2920
guides/blogs/telugu-catering-in-vellore-timing-guide-for-live-counters.html,guides/blogs/father-s-day-catering-in-vellore-timing-guide-for-live-counters.html,30.5,69.5,PASS,2888
guides/blogs/satvik-catering-in-vellore-food-counter-guide-for-dietary-requests.html,guides/blogs/maharashtrian-catering-in-vellore-food-counter-guide-for-dietary-requests.html,30.43,69.57,PASS,2977
guides/blogs/maharashtrian-catering-in-vellore-food-counter-guide-for-dietary-requests.html,guides/blogs/satvik-catering-in-vellore-food-counter-guide-for-dietary-requests.html,30.43,69.57,PASS,3004
guides/blogs/beverage-catering-in-vellore-guest-count-guide-for-buffet-flow.html,guides/blogs/drop-off-catering-in-vellore-guest-count-guide-for-buffet-flow.html,30.4,69.6,PASS,2913
servicing-areas/vellore-fort-junction-catering.html,servicing-areas/pennathur-junction-catering.html,30.32,69.68,PASS,4566
servicing-areas/pennathur-junction-catering.html,servicing-areas/vellore-fort-junction-catering.html,30.32,69.68,PASS,4379
guides/blogs/condolence-catering-in-vellore-timing-guide-for-large-guest-counts.html,guides/blogs/vegetarian-catering-in-vellore-timing-guide-for-large-guest-counts.html,30.32,69.68,PASS,3007
servicing-areas/pallikonda-bazaar-catering.html,servicing-areas/vaniyambadi-bazaar-catering.html,30.3,69.7,PASS,4460
servicing-areas/vaniyambadi-bazaar-catering.html,servicing-areas/pallikonda-bazaar-catering.html,30.3,69.7,PASS,4355
guides/blogs/wedding-catering-in-vellore-planning-guide-for-menu-balance.html,guides/blogs/sathabhishekam-catering-in-vellore-planning-guide-for-menu-balance.html,30.27,69.73,PASS,2905
guides/blogs/annadhanam-catering-in-vellore-timing-guide-for-live-counters.html,guides/blogs/convocation-catering-in-vellore-timing-guide-for-live-counters.html,30.24,69.76,PASS,2892
guides/blogs/convocation-catering-in-vellore-timing-guide-for-live-counters.html,guides/blogs/annadhanam-catering-in-vellore-timing-guide-for-live-counters.html,30.24,69.76,PASS,2885
guides/blogs/kosher-catering-in-vellore-planning-guide-for-menu-balance.html,guides/blogs/non-vegetarian-catering-in-vellore-planning-guide-for-menu-balance.html,30.19,69.81,PASS,2897
guides/blogs/hospital-staff-catering-in-vellore-timing-guide-for-large-guest-counts.html,guides/blogs/family-get-together-catering-in-vellore-timing-guide-for-large-guest-counts.html,30.14,69.86,PASS,3082
servicing-areas/tirupattur-bazaar-catering.html,servicing-areas/ponnai-bazaar-catering.html,30.12,69.88,PASS,4386
guides/blogs/exhibition-catering-in-vellore-guest-count-guide-for-vegetarian-menus.html,guides/blogs/punjabi-catering-in-vellore-guest-count-guide-for-vegetarian-menus.html,30.08,69.92,PASS,2894
guides/blogs/punjabi-catering-in-vellore-guest-count-guide-for-vegetarian-menus.html,guides/blogs/exhibition-catering-in-vellore-guest-count-guide-for-vegetarian-menus.html,30.08,69.92,PASS,2880
guides/blogs/restaurant-catering-in-vellore-timing-guide-for-large-guest-counts.html,guides/blogs/condolence-catering-in-vellore-timing-guide-for-large-guest-counts.html,30.07,69.93,PASS,3004
guides/blogs/bengali-catering-in-vellore-mistakes-to-avoid-for-traditional-service.html,guides/blogs/concert-catering-in-vellore-mistakes-to-avoid-for-traditional-service.html,30.03,69.97,PASS,3007
guides/blogs/eid-catering-in-vellore-budget-planning-guide-for-guest-comfort.html,guides/blogs/andhra-catering-in-vellore-budget-planning-guide-for-guest-comfort.html,30.03,69.97,PASS,3009
guides/blogs/concert-catering-in-vellore-mistakes-to-avoid-for-traditional-service.html,guides/blogs/bengali-catering-in-vellore-mistakes-to-avoid-for-traditional-service.html,30.03,69.97,PASS,3005
guides/blogs/andhra-catering-in-vellore-budget-planning-guide-for-guest-comfort.html,guides/blogs/eid-catering-in-vellore-budget-planning-guide-for-guest-comfort.html,30.03,69.97,PASS,2989
servicing-areas/kv-kuppam-junction-catering.html,servicing-areas/adukkamparai-junction-catering.html,29.99,70.01,PASS,4557
servicing-areas/adukkamparai-junction-catering.html,servicing-areas/kv-kuppam-junction-catering.html,29.99,70.01,PASS,4376
servicing-areas/vit-campus-catering.html,servicing-areas/ruhsa-campus-catering.html,29.98,70.02,PASS,4383
servicing-areas/ruhsa-campus-catering.html,servicing-areas/vit-campus-catering.html,29.98,70.02,PASS,4424
servicing-areas/nemili-bazaar-catering.html,servicing-areas/odugathur-bazaar-catering.html,29.95,70.05,PASS,4410
servicing-areas/odugathur-bazaar-catering.html,servicing-areas/nemili-bazaar-catering.html,29.95,70.05,PASS,4401
guides/blogs/reception-catering-in-vellore-menu-guide-for-food-quantity-planning.html,guides/blogs/dessert-catering-in-vellore-menu-guide-for-food-quantity-planning.html,29.95,70.05,PASS,3003
guides/blogs/dessert-catering-in-vellore-menu-guide-for-food-quantity-planning.html,guides/blogs/reception-catering-in-vellore-menu-guide-for-food-quantity-planning.html,29.95,70.05,PASS,3005
guides/blogs/hotel-catering-in-vellore-guest-count-guide-for-buffet-flow.html,guides/blogs/continental-catering-in-vellore-guest-count-guide-for-buffet-flow.html,29.95,70.05,PASS,2890
servicing-areas/madhanur-road-catering.html,servicing-areas/ranipet-road-catering.html,29.93,70.07,PASS,4376
servicing-areas/ranipet-road-catering.html,servicing-areas/madhanur-road-catering.html,29.93,70.07,PASS,4430
servicing-areas/walajapet-junction-catering.html,servicing-areas/sholinghur-junction-catering.html,29.93,70.07,PASS,4422
servicing-areas/sholinghur-junction-catering.html,servicing-areas/walajapet-junction-catering.html,29.93,70.07,PASS,4371
servicing-areas/sathuvachari-junction-catering.html,servicing-areas/ariyur-junction-catering.html,29.88,70.12,PASS,4401
servicing-areas/green-circle-vellore-catering.html,servicing-areas/old-bus-stand-vellore-catering.html,29.88,70.12,PASS,4559
servicing-areas/ariyur-junction-catering.html,servicing-areas/sathuvachari-junction-catering.html,29.88,70.12,PASS,4393
guides/blogs/sangeet-catering-in-vellore-mistakes-to-avoid-for-small-gatherings.html,guides/blogs/student-hostel-catering-in-vellore-mistakes-to-avoid-for-small-gatherings.html,29.88,70.12,PASS,2990
guides/blogs/student-hostel-catering-in-vellore-mistakes-to-avoid-for-small-gatherings.html,guides/blogs/sangeet-catering-in-vellore-mistakes-to-avoid-for-small-gatherings.html,29.88,70.12,PASS,3075
servicing-areas/arcot-bazaar-catering.html,servicing-areas/tirupattur-bazaar-catering.html,29.86,70.14,PASS,4436
guides/blogs/agm-catering-in-vellore-mistakes-to-avoid-for-traditional-service.html,guides/blogs/government-function-catering-in-vellore-mistakes-to-avoid-for-traditional-service.html,29.82,70.18,PASS,3013
guides/blogs/government-function-catering-in-vellore-mistakes-to-avoid-for-traditional-service.html,guides/blogs/agm-catering-in-vellore-mistakes-to-avoid-for-traditional-service.html,29.82,70.18,PASS,3129
servicing-areas/gandhi-nagar-catering.html,servicing-areas/balaji-nagar-catering.html,29.8,70.2,PASS,4370
servicing-areas/ranipet-junction-catering.html,servicing-areas/thiruvalam-junction-catering.html,29.8,70.2,PASS,4375
servicing-areas/thiruvalam-junction-catering.html,servicing-areas/ranipet-junction-catering.html,29.8,70.2,PASS,4389
servicing-areas/balaji-nagar-catering.html,servicing-areas/gandhi-nagar-catering.html,29.8,70.2,PASS,4370
servicing-areas/gudiyatham-junction-catering.html,servicing-areas/adukkamparai-junction-catering.html,29.8,70.2,PASS,4385
guides/blogs/school-college-sports-day-catering-in-vellore-venue-coordination-guide-for-family-preferences.html,guides/blogs/school-event-catering-planning-guide-practical-decisions-for-family-preferences.html,29.8,70.2,PASS,3188
guides/blogs/residents-association-catering-in-vellore-timing-guide-for-live-counters.html,guides/blogs/annadhanam-catering-in-vellore-timing-guide-for-live-counters.html,29.76,70.24,PASS,3003
guides/blogs/pre-wedding-function-catering-in-vellore-menu-guide-for-monsoon-planning.html,guides/blogs/training-program-catering-in-vellore-menu-guide-for-monsoon-planning.html,29.75,70.25,PASS,2978
guides/blogs/training-program-catering-in-vellore-menu-guide-for-monsoon-planning.html,guides/blogs/pre-wedding-function-catering-in-vellore-menu-guide-for-monsoon-planning.html,29.75,70.25,PASS,2974
servicing-areas/vaniyambadi-town-catering.html,servicing-areas/sholinghur-town-catering.html,29.73,70.27,PASS,4361
servicing-areas/sholinghur-town-catering.html,servicing-areas/vaniyambadi-town-catering.html,29.73,70.27,PASS,4344
guides/blogs/corporate-catering-mistakes-to-avoid-for-summer-events-around-arumparuthi.html,guides/blogs/corporate-catering-mistakes-to-avoid-practical-decisions-for-service-timing.html,29.72,70.28,PASS,3001
guides/blogs/corporate-catering-service-guide-for-summer-events-around-pallikonda-bazaar.html,guides/blogs/corporate-catering-venue-coordination-guide-practical-decisions-for-summer-events.html,29.72,70.28,PASS,2976
guides/blogs/trade-show-catering-in-vellore-service-guide-for-beverage-planning.html,guides/blogs/seemandham-catering-in-vellore-service-guide-for-beverage-planning.html,29.7,70.3,PASS,3025
guides/blogs/seemandham-catering-in-vellore-service-guide-for-beverage-planning.html,guides/blogs/trade-show-catering-in-vellore-service-guide-for-beverage-planning.html,29.7,70.3,PASS,2913
guides/blogs/institutional-catering-in-vellore-guest-count-guide-for-buffet-flow.html,guides/blogs/corporate-catering-in-vellore-guest-count-guide-for-buffet-flow.html,29.65,70.35,PASS,2915
guides/blogs/ayush-homam-catering-in-vellore-timing-guide-for-large-guest-counts.html,guides/blogs/banana-leaf-catering-in-vellore-timing-guide-for-large-guest-counts.html,29.63,70.37,PASS,3106
servicing-areas/thiruvalam-bazaar-catering.html,servicing-areas/anaicut-bazaar-catering.html,29.59,70.41,PASS,4412
servicing-areas/arakkonam-bazaar-catering.html,servicing-areas/nemili-bazaar-catering.html,29.58,70.42,PASS,4422
guides/blogs/kids-menu-catering-in-vellore-timing-guide-for-large-guest-counts.html,guides/blogs/condolence-catering-in-vellore-timing-guide-for-large-guest-counts.html,29.55,70.45,PASS,3083
guides/blogs/school-catering-in-vellore-guest-count-guide-for-buffet-flow.html,guides/blogs/gruhapravesam-catering-in-vellore-guest-count-guide-for-buffet-flow.html,29.53,70.47,PASS,2954
guides/blogs/bakery-catering-in-vellore-planning-guide-for-menu-balance.html,guides/blogs/wedding-catering-in-vellore-planning-guide-for-menu-balance.html,29.5,70.5,PASS,2890
servicing-areas/palamaner-road-catering.html,servicing-areas/ariyur-road-catering.html,29.48,70.52,PASS,4399
servicing-areas/ariyur-road-catering.html,servicing-areas/palamaner-road-catering.html,29.48,70.52,PASS,4437
servicing-areas/katpadi-junction-catering.html,servicing-areas/ariyur-junction-catering.html,29.47,70.53,PASS,4426
guides/blogs/bulk-catering-in-vellore-menu-guide-for-monsoon-planning.html,guides/blogs/charity-event-catering-in-vellore-menu-guide-for-monsoon-planning.html,29.47,70.53,PASS,2896
guides/blogs/charity-event-catering-in-vellore-menu-guide-for-monsoon-planning.html,guides/blogs/bulk-catering-in-vellore-menu-guide-for-monsoon-planning.html,29.47,70.53,PASS,3002
guides/blogs/tea-snack-catering-in-vellore-budget-planning-guide-for-evening-functions.html,guides/blogs/team-outing-catering-in-vellore-budget-planning-guide-for-evening-functions.html,29.47,70.53,PASS,3183
guides/blogs/biryani-catering-mistakes-to-avoid-practical-decisions-for-summer-events.html,guides/blogs/lunch-catering-mistakes-to-avoid-practical-decisions-for-summer-events.html,29.45,70.55,PASS,3027
servicing-areas/bagayam-junction-catering.html,servicing-areas/vellore-fort-junction-catering.html,29.44,70.56,PASS,4380
servicing-areas/ponnai-junction-catering.html,servicing-areas/walajapet-junction-catering.html,29.44,70.56,PASS,4367
servicing-areas/chennai-road-catering.html,servicing-areas/palamaner-road-catering.html,29.44,70.56,PASS,4410
servicing-areas/ambur-junction-catering.html,servicing-areas/katpadi-junction-catering.html,29.42,70.58,PASS,4388
servicing-areas/sathiyamangalam-road-catering.html,servicing-areas/thorapadi-road-catering.html,29.4,70.6,PASS,4424
guides/blogs/prasadam-catering-in-vellore-budget-planning-guide-for-guest-comfort.html,guides/blogs/eid-catering-in-vellore-budget-planning-guide-for-guest-comfort.html,29.4,70.6,PASS,2989
servicing-areas/walajapet-bazaar-catering.html,servicing-areas/arcot-bazaar-catering.html,29.39,70.61,PASS,4336
servicing-areas/tirupathur-town-catering.html,servicing-areas/vaniyambadi-town-catering.html,29.37,70.63,PASS,4385
guides/blogs/vegan-catering-in-vellore-planning-guide-for-morning-functions.html,guides/blogs/children-s-day-catering-in-vellore-planning-guide-for-morning-functions.html,29.36,70.64,PASS,2890
guides/blogs/religious-conference-catering-in-vellore-food-counter-guide-for-dietary-requests.html,guides/blogs/janmashtami-catering-in-vellore-food-counter-guide-for-dietary-requests.html,29.36,70.64,PASS,3070
guides/blogs/children-s-day-catering-in-vellore-planning-guide-for-morning-functions.html,guides/blogs/vegan-catering-in-vellore-planning-guide-for-morning-functions.html,29.36,70.64,PASS,2990
servicing-areas/vaniyambadi-junction-catering.html,servicing-areas/pernambut-junction-catering.html,29.35,70.65,PASS,4391
servicing-areas/pernambut-junction-catering.html,servicing-areas/vaniyambadi-junction-catering.html,29.35,70.65,PASS,4361
servicing-areas/tirupattur-junction-catering.html,servicing-areas/ranipet-junction-catering.html,29.35,70.65,PASS,4365
guides/blogs/surprise-party-catering-in-vellore-food-counter-guide-for-dietary-requests.html,guides/blogs/naming-ceremony-catering-in-vellore-food-counter-guide-for-dietary-requests.html,29.34,70.66,PASS,3076
guides/blogs/success-party-catering-in-vellore-guest-count-guide-for-vegetarian-menus.html,guides/blogs/krishna-jayanthi-catering-in-vellore-guest-count-guide-for-vegetarian-menus.html,29.34,70.66,PASS,3015
guides/blogs/krishna-jayanthi-catering-in-vellore-guest-count-guide-for-vegetarian-menus.html,guides/blogs/success-party-catering-in-vellore-guest-count-guide-for-vegetarian-menus.html,29.34,70.66,PASS,3029
guides/blogs/naming-ceremony-catering-in-vellore-food-counter-guide-for-dietary-requests.html,guides/blogs/surprise-party-catering-in-vellore-food-counter-guide-for-dietary-requests.html,29.34,70.66,PASS,3093
guides/blogs/conference-catering-in-vellore-timing-guide-for-live-counters.html,guides/blogs/annadhanam-catering-in-vellore-timing-guide-for-live-counters.html,29.33,70.67,PASS,2883
servicing-areas/nemili-junction-catering.html,servicing-areas/odugathur-junction-catering.html,29.32,70.68,PASS,4384
servicing-areas/odugathur-junction-catering.html,servicing-areas/nemili-junction-catering.html,29.32,70.68,PASS,4412
guides/blogs/hospital-catering-in-vellore-food-counter-guide-for-dietary-requests.html,guides/blogs/maharashtrian-catering-in-vellore-food-counter-guide-for-dietary-requests.html,29.3,70.7,PASS,3001
servicing-areas/odugathur-road-catering.html,servicing-areas/odugathur-junction-catering.html,29.29,70.71,PASS,4441
guides/blogs/cocktail-party-catering-in-vellore-menu-guide-for-food-quantity-planning.html,guides/blogs/halal-catering-in-vellore-menu-guide-for-food-quantity-planning.html,29.29,70.71,PASS,3079
guides/blogs/halal-catering-in-vellore-menu-guide-for-food-quantity-planning.html,guides/blogs/cocktail-party-catering-in-vellore-menu-guide-for-food-quantity-planning.html,29.29,70.71,PASS,3006
servicing-areas/gudiyatham-road-catering.html,servicing-areas/odugathur-road-catering.html,29.28,70.72,PASS,4394
servicing-areas/gudiyatham-bazaar-catering.html,servicing-areas/nemili-bazaar-catering.html,29.25,70.75,PASS,4393
guides/blogs/karnataka-catering-in-vellore-planning-guide-for-morning-functions.html,guides/blogs/workshop-catering-in-vellore-planning-guide-for-morning-functions.html,29.24,70.76,PASS,2915
servicing-areas/anaicut-junction-catering.html,servicing-areas/kv-kuppam-junction-catering.html,29.23,70.77,PASS,4358
servicing-areas/phase-1-sathuvachari-catering.html,servicing-areas/sathuvachari-catering.html,29.23,70.77,PASS,4556
servicing-areas/sathuvachari-catering.html,servicing-areas/phase-1-sathuvachari-catering.html,29.23,70.77,PASS,4186
guides/blogs/press-meet-catering-in-vellore-guest-count-guide-for-buffet-flow.html,guides/blogs/institutional-catering-in-vellore-guest-count-guide-for-buffet-flow.html,29.22,70.78,PASS,3006
servicing-areas/kaniyambadi-bazaar-catering.html,servicing-areas/anaikattu-bazaar-catering.html,29.2,70.8,PASS,4418
servicing-areas/pernambut-road-catering.html,servicing-areas/thorapadi-cmc-road-catering.html,29.2,70.8,PASS,4421
servicing-areas/anaikattu-bazaar-catering.html,servicing-areas/kaniyambadi-bazaar-catering.html,29.2,70.8,PASS,4383
guides/blogs/naming-day-catering-in-vellore-mistakes-to-avoid-for-traditional-service.html,guides/blogs/agm-catering-in-vellore-mistakes-to-avoid-for-traditional-service.html,29.19,70.81,PASS,3066
guides/blogs/corporate-dinner-catering-in-vellore-mistakes-to-avoid-for-small-gatherings.html,guides/blogs/tamil-new-year-catering-in-vellore-mistakes-to-avoid-for-small-gatherings.html,29.18,70.82,PASS,3079
servicing-areas/ranipet-bazaar-catering.html,servicing-areas/arcot-bazaar-catering.html,29.17,70.83,PASS,4378
servicing-areas/long-bazaar-catering.html,servicing-areas/main-bazaar-catering.html,29.16,70.84,PASS,4350
servicing-areas/main-bazaar-catering.html,servicing-areas/long-bazaar-catering.html,29.16,70.84,PASS,4403
guides/blogs/mini-meal-catering-in-vellore-food-counter-guide-for-dietary-requests.html,guides/blogs/janmashtami-catering-in-vellore-food-counter-guide-for-dietary-requests.html,29.15,70.85,PASS,3117
servicing-areas/green-circle-catering.html,servicing-areas/green-circle-vellore-catering.html,29.12,70.88,PASS,4413
guides/blogs/gluten-free-catering-in-vellore-menu-guide-for-monsoon-planning.html,guides/blogs/graduation-party-catering-in-vellore-menu-guide-for-monsoon-planning.html,29.07,70.93,PASS,2917
guides/blogs/graduation-party-catering-in-vellore-menu-guide-for-monsoon-planning.html,guides/blogs/gluten-free-catering-in-vellore-menu-guide-for-monsoon-planning.html,29.07,70.93,PASS,3017
guides/blogs/temple-function-catering-service-guide-practical-decisions-for-summer-events.html,guides/blogs/wedding-catering-in-vellore-service-guide-practical-decisions-for-summer-events.html,29.05,70.95,PASS,2999
servicing-areas/pernambut-bazaar-catering.html,servicing-areas/pallikonda-bazaar-catering.html,29.03,70.97,PASS,4365
servicing-areas/kaniyambadi-road-catering.html,servicing-areas/thorapadi-road-catering.html,29.02,70.98,PASS,4406
guides/blogs/international-catering-in-vellore-budget-planning-guide-for-guest-comfort.html,guides/blogs/farmhouse-catering-in-vellore-budget-planning-guide-for-guest-comfort.html,29.01,70.99,PASS,2998
guides/blogs/farmhouse-catering-in-vellore-budget-planning-guide-for-guest-comfort.html,guides/blogs/international-catering-in-vellore-budget-planning-guide-for-guest-comfort.html,29.01,70.99,PASS,2971
servicing-areas/kaveripakkam-junction-catering.html,servicing-areas/ambur-junction-catering.html,28.98,71.02,PASS,4377
servicing-areas/arakkonam-junction-catering.html,servicing-areas/ranipet-junction-catering.html,28.98,71.02,PASS,4386
guides/blogs/food-stall-catering-in-vellore-mistakes-to-avoid-for-small-gatherings.html,guides/blogs/convention-centre-catering-in-vellore-mistakes-to-avoid-for-small-gatherings.html,28.98,71.02,PASS,3094
guides/blogs/convention-centre-catering-in-vellore-mistakes-to-avoid-for-small-gatherings.html,guides/blogs/food-stall-catering-in-vellore-mistakes-to-avoid-for-small-gatherings.html,28.98,71.02,PASS,3115
servicing-areas/arcot-road-catering.html,servicing-areas/madhanur-road-catering.html,28.97,71.03,PASS,4385
guides/blogs/obsequies-funeral-catering-in-vellore-menu-guide-for-monsoon-planning.html,guides/blogs/pre-wedding-function-catering-in-vellore-menu-guide-for-monsoon-planning.html,28.96,71.04,PASS,2912
guides/blogs/hindu-wedding-catering-in-vellore-service-guide-for-beverage-planning.html,guides/blogs/temple-festival-catering-in-vellore-service-guide-for-beverage-planning.html,28.96,71.04,PASS,2994
guides/blogs/temple-festival-catering-in-vellore-service-guide-for-beverage-planning.html,guides/blogs/hindu-wedding-catering-in-vellore-service-guide-for-beverage-planning.html,28.96,71.04,PASS,3006
guides/blogs/political-meeting-catering-in-vellore-service-guide-for-beverage-planning.html,guides/blogs/seemandham-catering-in-vellore-service-guide-for-beverage-planning.html,28.95,71.05,PASS,3006
guides/blogs/temple-function-catering-in-vellore-mistakes-to-avoid-for-small-gatherings.html,guides/blogs/mess-catering-in-vellore-mistakes-to-avoid-for-small-gatherings.html,28.94,71.06,PASS,3111
guides/blogs/mess-catering-in-vellore-mistakes-to-avoid-for-small-gatherings.html,guides/blogs/temple-function-catering-in-vellore-mistakes-to-avoid-for-small-gatherings.html,28.94,71.06,PASS,2990
servicing-areas/rajalakshmi-nagar-catering.html,servicing-areas/balaji-nagar-catering.html,28.93,71.07,PASS,4333
guides/blogs/ayudha-pooja-catering-in-vellore-service-guide-for-beverage-planning.html,guides/blogs/seemandham-catering-in-vellore-service-guide-for-beverage-planning.html,28.92,71.08,PASS,2997
guides/blogs/ganesh-chaturthi-catering-in-vellore-menu-guide-for-monsoon-planning.html,guides/blogs/obsequies-funeral-catering-in-vellore-menu-guide-for-monsoon-planning.html,28.88,71.12,PASS,3025
guides/blogs/film-tv-shoot-catering-in-vellore-timing-guide-for-large-guest-counts.html,guides/blogs/restaurant-catering-in-vellore-timing-guide-for-large-guest-counts.html,28.87,71.13,PASS,3125
servicing-areas/chengam-road-catering.html,servicing-areas/arcot-road-catering.html,28.86,71.14,PASS,4379
servicing-areas/vaniyambadi-road-catering.html,servicing-areas/chennai-road-catering.html,28.81,71.19,PASS,4410
guides/blogs/patient-meal-catering-in-vellore-budget-planning-guide-for-evening-functions.html,guides/blogs/jain-catering-in-vellore-budget-planning-guide-for-evening-functions.html,28.79,71.21,PASS,3092
guides/blogs/jain-catering-in-vellore-budget-planning-guide-for-evening-functions.html,guides/blogs/patient-meal-catering-in-vellore-budget-planning-guide-for-evening-functions.html,28.79,71.21,PASS,3010
guides/blogs/meal-subscription-catering-in-vellore-guest-count-guide-for-buffet-flow.html,guides/blogs/beverage-catering-in-vellore-guest-count-guide-for-buffet-flow.html,28.78,71.22,PASS,3001
servicing-areas/katpadi-bazaar-catering.html,servicing-areas/arcot-bazaar-catering.html,28.75,71.25,PASS,4412
servicing-areas/madhanur-junction-catering.html,servicing-areas/ponnai-junction-catering.html,28.75,71.25,PASS,4381
servicing-areas/arani-road-catering.html,servicing-areas/arcot-road-catering.html,28.73,71.27,PASS,4388
servicing-areas/pallikonda-junction-catering.html,servicing-areas/arcot-junction-catering.html,28.72,71.28,PASS,4388
servicing-areas/arcot-junction-catering.html,servicing-areas/pallikonda-junction-catering.html,28.72,71.28,PASS,4399
servicing-areas/kaniyambadi-junction-catering.html,servicing-areas/walajapet-junction-catering.html,28.67,71.33,PASS,4446
servicing-areas/shenbakkam-road-catering.html,servicing-areas/sathiyamangalam-road-catering.html,28.67,71.33,PASS,4411
guides/blogs/packaged-meal-catering-in-vellore-service-guide-for-beverage-planning.html,guides/blogs/seemandham-catering-in-vellore-service-guide-for-beverage-planning.html,28.67,71.33,PASS,2987
servicing-areas/chittoor-road-catering.html,servicing-areas/katpadi-road-catering.html,28.66,71.34,PASS,4391
servicing-areas/vit-road-catering.html,servicing-areas/vit-campus-catering.html,28.63,71.37,PASS,4387
guides/blogs/shradh-annual-ceremony-catering-in-vellore-planning-guide-for-morning-functions.html,guides/blogs/ngo-event-catering-in-vellore-planning-guide-for-morning-functions.html,28.58,71.42,PASS,3040
guides/blogs/ngo-event-catering-in-vellore-planning-guide-for-morning-functions.html,guides/blogs/workshop-catering-in-vellore-planning-guide-for-morning-functions.html,28.58,71.42,PASS,3026
guides/blogs/housewarming-catering-in-vellore-budget-planning-guide-for-guest-comfort.html,guides/blogs/farmhouse-catering-in-vellore-budget-planning-guide-for-guest-comfort.html,28.57,71.43,PASS,2978
servicing-areas/arcot-town-catering.html,servicing-areas/sholinghur-town-catering.html,28.55,71.45,PASS,4359
guides/blogs/ram-navami-catering-in-vellore-mistakes-to-avoid-for-traditional-service.html,guides/blogs/naming-day-catering-in-vellore-mistakes-to-avoid-for-traditional-service.html,28.55,71.45,PASS,3085
guides/blogs/tamil-vegetarian-catering-venue-coordination-guide-practical-decisions-for-summer-events.html,guides/blogs/catering-budget-planning-venue-coordination-guide-practical-decisions-for-summer-events.html,28.53,71.47,PASS,3112
guides/blogs/mass-catering-in-vellore-guest-count-guide-for-vegetarian-menus.html,guides/blogs/birthday-party-catering-in-vellore-guest-count-guide-for-vegetarian-menus.html,28.51,71.49,PASS,2923
guides/blogs/central-kitchen-catering-in-vellore-planning-guide-for-morning-functions.html,guides/blogs/ngo-event-catering-in-vellore-planning-guide-for-morning-functions.html,28.49,71.51,PASS,3019
guides/blogs/fusion-catering-in-vellore-timing-guide-for-live-counters.html,guides/blogs/annadhanam-catering-in-vellore-timing-guide-for-live-counters.html,28.49,71.51,PASS,2916
guides/blogs/cocktail-canape-catering-in-vellore-planning-guide-for-menu-balance.html,guides/blogs/non-vegetarian-catering-in-vellore-planning-guide-for-menu-balance.html,28.47,71.53,PASS,2897
servicing-areas/pallikonda-road-catering.html,servicing-areas/odugathur-road-catering.html,28.46,71.54,PASS,4364
guides/blogs/outdoor-catering-in-vellore-budget-planning-guide-for-guest-comfort.html,guides/blogs/farmhouse-catering-in-vellore-budget-planning-guide-for-guest-comfort.html,28.44,71.56,PASS,2979
servicing-areas/ambur-road-catering.html,servicing-areas/vaniyambadi-road-catering.html,28.42,71.58,PASS,4409
guides/blogs/ramadan-iftar-catering-in-vellore-timing-guide-for-live-counters.html,guides/blogs/annadhanam-catering-in-vellore-timing-guide-for-live-counters.html,28.42,71.58,PASS,2922
guides/blogs/delivery-catering-in-vellore-service-guide-for-venue-logistics.html,guides/blogs/political-event-hospitality-catering-in-vellore-service-guide-for-venue-logistics.html,28.41,71.59,PASS,2882
guides/blogs/political-event-hospitality-catering-in-vellore-service-guide-for-venue-logistics.html,guides/blogs/delivery-catering-in-vellore-service-guide-for-venue-logistics.html,28.41,71.59,PASS,2975
servicing-areas/jolarpet-junction-catering.html,servicing-areas/ranipet-junction-catering.html,28.4,71.6,PASS,4391
guides/blogs/thali-catering-in-vellore-mistakes-to-avoid-for-traditional-service.html,guides/blogs/bengali-catering-in-vellore-mistakes-to-avoid-for-traditional-service.html,28.33,71.67,PASS,2983
guides/blogs/travel-catering-in-vellore-planning-guide-for-morning-functions.html,guides/blogs/ngo-event-catering-in-vellore-planning-guide-for-morning-functions.html,28.32,71.68,PASS,2920
servicing-areas/walajapet-town-catering.html,servicing-areas/ambur-town-catering.html,28.31,71.69,PASS,4354
servicing-areas/ambur-town-catering.html,servicing-areas/walajapet-town-catering.html,28.31,71.69,PASS,4361
guides/blogs/kumbabhishekam-catering-in-vellore-food-counter-guide-for-dessert-planning.html,guides/blogs/haldi-catering-in-vellore-food-counter-guide-for-dessert-planning.html,28.29,71.71,PASS,2969
guides/blogs/haldi-catering-in-vellore-food-counter-guide-for-dessert-planning.html,guides/blogs/kumbabhishekam-catering-in-vellore-food-counter-guide-for-dessert-planning.html,28.29,71.71,PASS,3003
guides/blogs/product-launch-catering-in-vellore-guest-count-guide-for-vegetarian-menus.html,guides/blogs/krishna-jayanthi-catering-in-vellore-guest-count-guide-for-vegetarian-menus.html,28.29,71.71,PASS,3005
guides/blogs/memorial-catering-in-vellore-budget-planning-guide-for-evening-functions.html,guides/blogs/tea-snack-catering-in-vellore-budget-planning-guide-for-evening-functions.html,28.29,71.71,PASS,2993
servicing-areas/anaicut-road-catering.html,servicing-areas/pallikonda-road-catering.html,28.26,71.74,PASS,4403
guides/blogs/gujarati-catering-in-vellore-service-guide-for-beverage-planning.html,guides/blogs/temple-festival-catering-in-vellore-service-guide-for-beverage-planning.html,28.26,71.74,PASS,2913
servicing-areas/pennathur-road-catering.html,servicing-areas/chennai-road-catering.html,28.25,71.75,PASS,4377
guides/blogs/retirement-home-catering-in-vellore-planning-guide-for-menu-balance.html,guides/blogs/non-vegetarian-catering-in-vellore-planning-guide-for-menu-balance.html,28.24,71.76,PASS,2982
servicing-areas/pernambut-town-catering.html,servicing-areas/kaveripakkam-town-catering.html,28.22,71.78,PASS,4343
servicing-areas/kaveripakkam-town-catering.html,servicing-areas/pernambut-town-catering.html,28.22,71.78,PASS,4355
guides/blogs/punyavachanam-catering-in-vellore-mistakes-to-avoid-for-traditional-service.html,guides/blogs/naming-day-catering-in-vellore-mistakes-to-avoid-for-traditional-service.html,28.22,71.78,PASS,2984
guides/blogs/reunion-catering-in-vellore-planning-guide-for-morning-functions.html,guides/blogs/karnataka-catering-in-vellore-planning-guide-for-morning-functions.html,28.21,71.79,PASS,2899
servicing-areas/pennathur-bazaar-catering.html,servicing-areas/anaikattu-bazaar-catering.html,28.2,71.8,PASS,4408
guides/blogs/italian-catering-in-vellore-mistakes-to-avoid-for-small-gatherings.html,guides/blogs/sangeet-catering-in-vellore-mistakes-to-avoid-for-small-gatherings.html,28.2,71.8,PASS,2993
servicing-areas/bagayam-road-catering.html,servicing-areas/thorapadi-road-catering.html,28.16,71.84,PASS,4434
guides/blogs/milestone-celebration-catering-in-vellore-food-counter-guide-for-dietary-requests.html,guides/blogs/janmashtami-catering-in-vellore-food-counter-guide-for-dietary-requests.html,28.13,71.87,PASS,3105
guides/blogs/multi-cuisine-catering-in-vellore-menu-guide-for-food-quantity-planning.html,guides/blogs/full-service-catering-in-vellore-menu-guide-for-food-quantity-planning.html,28.09,71.91,PASS,3015
guides/blogs/full-service-catering-in-vellore-menu-guide-for-food-quantity-planning.html,guides/blogs/multi-cuisine-catering-in-vellore-menu-guide-for-food-quantity-planning.html,28.09,71.91,PASS,3031
servicing-areas/gudiyatham-town-catering.html,servicing-areas/pernambut-town-catering.html,28.07,71.93,PASS,4370
servicing-areas/arni-road-catering.html,servicing-areas/pennathur-road-catering.html,28.07,71.93,PASS,4390
guides/blogs/indoor-catering-in-vellore-timing-guide-for-live-counters.html,guides/blogs/outdoor-venue-catering-in-vellore-timing-guide-for-live-counters.html,28.01,71.99,PASS,2893
guides/blogs/outdoor-venue-catering-in-vellore-timing-guide-for-live-counters.html,guides/blogs/indoor-catering-in-vellore-timing-guide-for-live-counters.html,28.01,71.99,PASS,3022
servicing-areas/officers-line-catering.html,servicing-areas/officer-s-line-catering.html,27.99,72.01,PASS,4367
servicing-areas/officer-s-line-catering.html,servicing-areas/officers-line-catering.html,27.99,72.01,PASS,4353
guides/blogs/anniversary-catering-in-vellore-budget-planning-guide-for-evening-functions.html,guides/blogs/team-outing-catering-in-vellore-budget-planning-guide-for-evening-functions.html,27.93,72.07,PASS,3006
guides/blogs/spiritual-retreat-catering-in-vellore-mistakes-to-avoid-for-traditional-service.html,guides/blogs/naming-day-catering-in-vellore-mistakes-to-avoid-for-traditional-service.html,27.92,72.08,PASS,3081
guides/blogs/christian-wedding-catering-in-vellore-mistakes-to-avoid-for-traditional-service.html,guides/blogs/ram-navami-catering-in-vellore-mistakes-to-avoid-for-traditional-service.html,27.92,72.08,PASS,3112
servicing-areas/tirupattur-road-catering.html,servicing-areas/arcot-road-catering.html,27.9,72.1,PASS,4406
guides/blogs/temple-wedding-catering-in-vellore-guest-count-guide-for-vegetarian-menus.html,guides/blogs/krishna-jayanthi-catering-in-vellore-guest-count-guide-for-vegetarian-menus.html,27.88,72.12,PASS,3009
guides/blogs/housewarming-catering-guest-count-guide-practical-decisions-for-mixed-menus.html,guides/blogs/housewarming-catering-food-counter-guide-practical-decisions-for-family-preferences.html,27.87,72.13,PASS,2909
guides/blogs/engagement-catering-service-guide-practical-decisions-for-service-timing.html,guides/blogs/tamil-vegetarian-catering-service-guide-practical-decisions-for-service-timing.html,27.86,72.14,PASS,2887
guides/blogs/milestone-birthday-catering-in-vellore-mistakes-to-avoid-for-traditional-service.html,guides/blogs/low-calorie-catering-in-vellore-mistakes-to-avoid-for-traditional-service.html,27.86,72.14,PASS,3110
guides/blogs/healthy-catering-in-vellore-service-guide-for-beverage-planning.html,guides/blogs/seemandham-catering-in-vellore-service-guide-for-beverage-planning.html,27.86,72.14,PASS,2904
guides/blogs/low-calorie-catering-in-vellore-mistakes-to-avoid-for-traditional-service.html,guides/blogs/milestone-birthday-catering-in-vellore-mistakes-to-avoid-for-traditional-service.html,27.86,72.14,PASS,3021
guides/blogs/resort-catering-in-vellore-service-guide-for-venue-logistics.html,guides/blogs/chinese-indo-chinese-catering-in-vellore-service-guide-for-venue-logistics.html,27.85,72.15,PASS,2930
guides/blogs/chinese-indo-chinese-catering-in-vellore-service-guide-for-venue-logistics.html,guides/blogs/resort-catering-in-vellore-service-guide-for-venue-logistics.html,27.85,72.15,PASS,2918
servicing-areas/bangalore-road-catering.html,servicing-areas/thorapadi-cmc-road-catering.html,27.83,72.17,PASS,4384
guides/blogs/baby-welcome-catering-in-vellore-checklist-for-service-timing.html,guides/blogs/festival-catering-in-vellore-checklist-for-service-timing.html,27.83,72.17,PASS,2905
guides/blogs/festival-catering-in-vellore-checklist-for-service-timing.html,guides/blogs/baby-welcome-catering-in-vellore-checklist-for-service-timing.html,27.83,72.17,PASS,2819
guides/blogs/bridal-shower-catering-in-vellore-budget-planning-guide-for-guest-comfort.html,guides/blogs/andhra-catering-in-vellore-budget-planning-guide-for-guest-comfort.html,27.81,72.19,PASS,3084
guides/blogs/destination-wedding-catering-in-vellore-planning-guide-for-morning-functions.html,guides/blogs/central-kitchen-catering-in-vellore-planning-guide-for-morning-functions.html,27.8,72.2,PASS,3026
servicing-areas/kaveripakkam-bazaar-catering.html,servicing-areas/pernambut-bazaar-catering.html,27.77,72.23,PASS,4361
guides/blogs/mehendi-catering-in-vellore-checklist-for-summer-events.html,guides/blogs/banquet-catering-in-vellore-checklist-for-summer-events.html,27.76,72.24,PASS,2807
guides/blogs/banquet-catering-in-vellore-checklist-for-summer-events.html,guides/blogs/mehendi-catering-in-vellore-checklist-for-summer-events.html,27.76,72.24,PASS,2796
servicing-areas/polur-road-catering.html,servicing-areas/arani-road-catering.html,27.74,72.26,PASS,4410
servicing-areas/jolarpet-road-catering.html,servicing-areas/palamaner-road-catering.html,27.72,72.28,PASS,4398
guides/blogs/school-annual-day-catering-in-vellore-food-counter-guide-for-dessert-planning.html,guides/blogs/haldi-catering-in-vellore-food-counter-guide-for-dessert-planning.html,27.66,72.34,PASS,3182
servicing-areas/gandhi-nagar-road-catering.html,servicing-areas/madhanur-road-catering.html,27.63,72.37,PASS,4539
guides/blogs/college-catering-in-vellore-service-guide-for-venue-logistics.html,guides/blogs/delivery-catering-in-vellore-service-guide-for-venue-logistics.html,27.63,72.37,PASS,2919
servicing-areas/jolarpet-town-catering.html,servicing-areas/sholinghur-town-catering.html,27.6,72.4,PASS,4358
guides/blogs/event-catering-in-vellore-menu-guide-for-monsoon-planning.html,guides/blogs/obsequies-funeral-catering-in-vellore-menu-guide-for-monsoon-planning.html,27.59,72.41,PASS,2881
servicing-areas/arakkonam-road-catering.html,servicing-areas/gandhi-nagar-road-catering.html,27.57,72.43,PASS,4407
guides/blogs/food-truck-catering-in-vellore-food-counter-guide-for-dessert-planning.html,guides/blogs/beach-wedding-catering-in-vellore-food-counter-guide-for-dessert-planning.html,27.55,72.45,PASS,3097
guides/blogs/beach-wedding-catering-in-vellore-food-counter-guide-for-dessert-planning.html,guides/blogs/food-truck-catering-in-vellore-food-counter-guide-for-dessert-planning.html,27.55,72.45,PASS,3107
servicing-areas/ranipet-town-catering.html,servicing-areas/jolarpet-town-catering.html,27.54,72.46,PASS,4340
guides/blogs/tamil-cuisine-catering-in-vellore-checklist-for-summer-events.html,guides/blogs/tamil-vegetarian-catering-venue-coordination-guide-practical-decisions-for-summer-events.html,27.54,72.46,PASS,2904
guides/blogs/diet-catering-in-vellore-checklist-for-service-timing.html,guides/blogs/public-function-catering-in-vellore-checklist-for-service-timing.html,27.53,72.47,PASS,2824
guides/blogs/public-function-catering-in-vellore-checklist-for-service-timing.html,guides/blogs/diet-catering-in-vellore-checklist-for-service-timing.html,27.53,72.47,PASS,2961
servicing-areas/arakonam-town-catering.html,servicing-areas/gudiyatham-town-catering.html,27.49,72.51,PASS,4393
guides/blogs/graduation-convocation-catering-in-vellore-guest-count-guide-for-vegetarian-menus.html,guides/blogs/success-party-catering-in-vellore-guest-count-guide-for-vegetarian-menus.html,27.48,72.52,PASS,2921
guides/blogs/community-feast-catering-in-vellore-budget-planning-guide-for-evening-functions.html,guides/blogs/team-outing-catering-in-vellore-budget-planning-guide-for-evening-functions.html,27.48,72.52,PASS,3104
servicing-areas/nemili-town-catering.html,servicing-areas/pernambut-town-catering.html,27.47,72.53,PASS,4357
guides/blogs/pool-party-catering-in-vellore-guest-count-guide-for-buffet-flow.html,guides/blogs/corporate-catering-in-vellore-guest-count-guide-for-buffet-flow.html,27.47,72.53,PASS,2998
servicing-areas/kil-arasampattu-catering.html,servicing-areas/arasampattu-catering.html,27.46,72.54,PASS,4342
guides/catering-hygiene-checklist.html,guides/catering-cost-guide-vellore.html,27.44,72.56,PASS,1076
guides/catering-cost-guide-vellore.html,guides/catering-hygiene-checklist.html,27.44,72.56,PASS,1115
guides/catering-menu-planning-vellore.html,guides/event-catering-checklist-vellore.html,27.43,72.57,PASS,1156
guides/event-catering-checklist-vellore.html,guides/catering-menu-planning-vellore.html,27.43,72.57,PASS,1087
servicing-areas/mullai-nagar-catering.html,servicing-areas/periyar-nagar-catering.html,27.43,72.57,PASS,4362
servicing-areas/periyar-nagar-catering.html,servicing-areas/mullai-nagar-catering.html,27.43,72.57,PASS,4363
guides/blogs/mother-s-day-catering-in-vellore-budget-planning-guide-for-guest-comfort.html,guides/blogs/international-catering-in-vellore-budget-planning-guide-for-guest-comfort.html,27.4,72.6,PASS,3096
guides/blogs/parent-teacher-meeting-catering-in-vellore-planning-guide-for-morning-functions.html,guides/blogs/reunion-catering-in-vellore-planning-guide-for-morning-functions.html,27.35,72.65,PASS,3017
servicing-areas/saidapet-road-catering.html,servicing-areas/gudiyatham-road-catering.html,27.32,72.68,PASS,4379
guides/blogs/fashion-show-catering-in-vellore-budget-planning-guide-for-evening-functions.html,guides/blogs/team-outing-catering-in-vellore-budget-planning-guide-for-evening-functions.html,27.32,72.68,PASS,3118
guides/blogs/south-indian-wedding-menus-guest-count-guide-for-mixed-menus-around-alanganeri.html,guides/blogs/south-indian-wedding-menus-planning-guide-practical-decisions-for-mixed-menus.html,27.31,72.69,PASS,3119
guides/blogs/chettinad-catering-in-vellore-mistakes-to-avoid-for-small-gatherings.html,guides/blogs/convention-centre-catering-in-vellore-mistakes-to-avoid-for-small-gatherings.html,27.31,72.69,PASS,3003
guides/blogs/apartment-association-catering-in-vellore-budget-planning-guide-for-guest-comfort.html,guides/blogs/mother-s-day-catering-in-vellore-budget-planning-guide-for-guest-comfort.html,27.31,72.69,PASS,3113
guides/blogs/post-wedding-catering-in-vellore-guest-count-guide-for-vegetarian-menus.html,guides/blogs/punjabi-catering-in-vellore-guest-count-guide-for-vegetarian-menus.html,27.29,72.71,PASS,2882
guides/blogs/christmas-catering-in-vellore-food-counter-guide-for-dessert-planning.html,guides/blogs/haldi-catering-in-vellore-food-counter-guide-for-dessert-planning.html,27.29,72.71,PASS,2978
servicing-areas/k-v-kuppam-town-catering.html,servicing-areas/tirupathur-town-catering.html,27.27,72.73,PASS,4762
guides/blogs/south-indian-catering-in-vellore-service-guide-for-venue-logistics.html,guides/blogs/resort-catering-in-vellore-service-guide-for-venue-logistics.html,27.27,72.73,PASS,2984
servicing-areas/adukkamparai-road-catering.html,servicing-areas/gudiyatham-road-catering.html,27.26,72.74,PASS,4362
servicing-areas/south-avenue-road-catering.html,servicing-areas/madhanur-road-catering.html,27.19,72.81,PASS,4572
guides/blogs/pooja-catering-in-vellore-service-guide-for-venue-logistics.html,guides/blogs/resort-catering-in-vellore-service-guide-for-venue-logistics.html,27.18,72.82,PASS,2917
guides/blogs/dealer-meet-catering-in-vellore-service-guide-for-beverage-planning.html,guides/blogs/temple-festival-catering-in-vellore-service-guide-for-beverage-planning.html,27.12,72.88,PASS,2991
guides/blogs/stadium-event-venue-catering-in-vellore-mistakes-to-avoid-for-small-gatherings.html,guides/blogs/temple-function-catering-in-vellore-mistakes-to-avoid-for-small-gatherings.html,27.09,72.91,PASS,3122
guides/blogs/ayurvedic-catering-in-vellore-budget-planning-guide-for-evening-functions.html,guides/blogs/team-outing-catering-in-vellore-budget-planning-guide-for-evening-functions.html,27.08,72.92,PASS,3005
servicing-areas/vellore-town-catering.html,servicing-areas/arakonam-town-catering.html,27.06,72.94,PASS,4372
guides/blogs/allergy-aware-catering-in-vellore-guest-count-guide-for-vegetarian-menus.html,guides/blogs/fundraiser-catering-in-vellore-guest-count-guide-for-vegetarian-menus.html,27.06,72.94,PASS,2931
guides/blogs/tiffin-catering-in-vellore-checklist-for-summer-events.html,guides/blogs/sports-event-catering-in-vellore-checklist-for-summer-events.html,27.05,72.95,PASS,2814
guides/blogs/sports-event-catering-in-vellore-checklist-for-summer-events.html,guides/blogs/tiffin-catering-in-vellore-checklist-for-summer-events.html,27.05,72.95,PASS,2885
guides/blogs/catering-service-staff-food-counter-guide-practical-decisions-for-mixed-menus.html,guides/blogs/annadhanam-catering-food-counter-guide-practical-decisions-for-mixed-menus.html,27.04,72.96,PASS,3076
guides/blogs/first-birthday-catering-in-vellore-service-guide-for-beverage-planning.html,guides/blogs/hindu-wedding-catering-in-vellore-service-guide-for-beverage-planning.html,27.03,72.97,PASS,2965
guides/blogs/catering-budget-planning-mistakes-to-avoid-practical-decisions-for-service-timing.html,guides/blogs/tamil-vegetarian-catering-mistakes-to-avoid-practical-decisions-for-service-timing.html,27.02,72.98,PASS,3098
guides/blogs/lawn-party-catering-in-vellore-checklist-for-summer-events.html,guides/blogs/tiffin-catering-in-vellore-checklist-for-summer-events.html,27.0,73.0,PASS,2895
guides/blogs/hostel-catering-in-vellore-menu-guide-for-food-quantity-planning.html,guides/blogs/full-service-catering-in-vellore-menu-guide-for-food-quantity-planning.html,27.0,73.0,PASS,2967
guides/blogs/birthday-catering-in-vellore-timing-guide-practical-decisions-for-mixed-menus.html,guides/blogs/birthday-catering-in-vellore-checklist-practical-decisions-for-family-preferences.html,26.97,73.03,PASS,3083
guides/blogs/upanayanam-catering-in-vellore-menu-guide-for-food-quantity-planning.html,guides/blogs/full-service-catering-in-vellore-menu-guide-for-food-quantity-planning.html,26.97,73.03,PASS,2992
guides/blogs/bachelor-bachelorette-party-catering-in-vellore-planning-guide-for-menu-balance.html,guides/blogs/wedding-catering-in-vellore-planning-guide-for-menu-balance.html,26.92,73.08,PASS,3003
guides/blogs/valentine-s-day-catering-in-vellore-food-counter-guide-for-dessert-planning.html,guides/blogs/mediterranean-catering-in-vellore-food-counter-guide-for-dessert-planning.html,26.91,73.09,PASS,3112
guides/blogs/mediterranean-catering-in-vellore-food-counter-guide-for-dessert-planning.html,guides/blogs/valentine-s-day-catering-in-vellore-food-counter-guide-for-dessert-planning.html,26.91,73.09,PASS,2993
guides/blogs/backstage-catering-in-vellore-venue-coordination-guide-for-mixed-menus.html,guides/blogs/senior-friendly-catering-in-vellore-venue-coordination-guide-for-mixed-menus.html,26.86,73.14,PASS,2992
guides/blogs/senior-friendly-catering-in-vellore-venue-coordination-guide-for-mixed-menus.html,guides/blogs/backstage-catering-in-vellore-venue-coordination-guide-for-mixed-menus.html,26.86,73.14,PASS,3001
guides/blogs/business-meeting-catering-in-vellore-budget-planning-guide-for-guest-comfort.html,guides/blogs/eid-catering-in-vellore-budget-planning-guide-for-guest-comfort.html,26.82,73.18,PASS,3120
guides/blogs/buffet-catering-planning-guide-practical-decisions-for-family-preferences.html,guides/blogs/school-event-catering-planning-guide-practical-decisions-for-family-preferences.html,26.79,73.21,PASS,2903
guides/blogs/garden-party-catering-in-vellore-service-guide-for-venue-logistics.html,guides/blogs/political-event-hospitality-catering-in-vellore-service-guide-for-venue-logistics.html,26.79,73.21,PASS,3024
guides/blogs/community-function-catering-in-vellore-food-counter-guide-for-dessert-planning.html,guides/blogs/cloud-kitchen-event-catering-in-vellore-food-counter-guide-for-dessert-planning.html,26.78,73.22,PASS,3069
guides/blogs/cloud-kitchen-event-catering-in-vellore-food-counter-guide-for-dessert-planning.html,guides/blogs/community-function-catering-in-vellore-food-counter-guide-for-dessert-planning.html,26.78,73.22,PASS,3162
guides/blogs/nichayathartham-catering-in-vellore-service-guide-for-venue-logistics.html,guides/blogs/college-catering-in-vellore-service-guide-for-venue-logistics.html,26.73,73.27,PASS,2902
guides/blogs/live-counter-catering-in-vellore-checklist-for-summer-events.html,guides/blogs/mehendi-catering-in-vellore-checklist-for-summer-events.html,26.72,73.28,PASS,2918
servicing-areas/cuddalore-road-catering.html,servicing-areas/chittoor-road-catering.html,26.71,73.29,PASS,4377
guides/blogs/vratham-catering-in-vellore-venue-coordination-guide-for-family-preferences.html,guides/blogs/jain-food-catering-in-vellore-venue-coordination-guide-for-family-preferences.html,26.65,73.35,PASS,3022
guides/blogs/jain-food-catering-in-vellore-venue-coordination-guide-for-family-preferences.html,guides/blogs/vratham-catering-in-vellore-venue-coordination-guide-for-family-preferences.html,26.65,73.35,PASS,3091
guides/blogs/celebrity-event-catering-in-vellore-menu-guide-for-food-quantity-planning.html,guides/blogs/reception-catering-in-vellore-menu-guide-for-food-quantity-planning.html,26.61,73.39,PASS,3089
guides/blogs/annaprasana-catering-in-vellore-budget-planning-guide-for-evening-functions.html,guides/blogs/buffet-catering-in-vellore-budget-planning-guide-for-evening-functions.html,26.58,73.42,PASS,2998
guides/blogs/cradle-ceremony-catering-in-vellore-menu-guide-for-food-quantity-planning.html,guides/blogs/upanayanam-catering-in-vellore-menu-guide-for-food-quantity-planning.html,26.56,73.44,PASS,3096
guides/blogs/club-function-catering-in-vellore-venue-coordination-guide-for-family-preferences.html,guides/blogs/destination-event-catering-in-vellore-venue-coordination-guide-for-family-preferences.html,26.48,73.52,PASS,3091
guides/blogs/destination-event-catering-in-vellore-venue-coordination-guide-for-family-preferences.html,guides/blogs/club-function-catering-in-vellore-venue-coordination-guide-for-family-preferences.html,26.48,73.52,PASS,3078
guides/blogs/university-catering-in-vellore-checklist-for-summer-events.html,guides/blogs/tamil-cuisine-catering-in-vellore-checklist-for-summer-events.html,26.45,73.55,PASS,2789
guides/blogs/sashtiapthapoorthi-catering-in-vellore-venue-coordination-guide-for-mixed-menus.html,guides/blogs/plated-catering-in-vellore-venue-coordination-guide-for-mixed-menus.html,26.43,73.57,PASS,3014
guides/blogs/plated-catering-in-vellore-venue-coordination-guide-for-mixed-menus.html,guides/blogs/sashtiapthapoorthi-catering-in-vellore-venue-coordination-guide-for-mixed-menus.html,26.43,73.57,PASS,3014
guides/blogs/box-meal-catering-in-vellore-checklist-for-service-timing.html,guides/blogs/valaikappu-catering-in-vellore-checklist-for-service-timing.html,26.42,73.58,PASS,2925
guides/blogs/valaikappu-catering-in-vellore-checklist-for-service-timing.html,guides/blogs/box-meal-catering-in-vellore-checklist-for-service-timing.html,26.42,73.58,PASS,2818
servicing-areas/gandhinagar-katpadi-catering.html,servicing-areas/ariyur-katpadi-catering.html,26.41,73.59,PASS,4380
servicing-areas/ariyur-katpadi-catering.html,servicing-areas/gandhinagar-katpadi-catering.html,26.41,73.59,PASS,4346
guides/blogs/dessert-counters-checklist-practical-decisions-for-family-preferences.html,guides/blogs/dessert-counters-timing-guide-for-family-preferences-around-chittoor.html,26.4,73.6,PASS,2826
guides/blogs/dessert-counters-timing-guide-for-family-preferences-around-chittoor.html,guides/blogs/dessert-counters-checklist-practical-decisions-for-family-preferences.html,26.4,73.6,PASS,2889
guides/blogs/on-site-cooking-catering-in-vellore-venue-coordination-guide-for-family-preferences.html,guides/blogs/jain-food-catering-in-vellore-venue-coordination-guide-for-family-preferences.html,26.4,73.6,PASS,3084
guides/blogs/corporate-buffet-catering-in-vellore-food-counter-guide-for-dessert-planning.html,guides/blogs/school-annual-day-catering-in-vellore-food-counter-guide-for-dessert-planning.html,26.37,73.63,PASS,3049
guides/blogs/food-hygiene-budget-planning-guide-practical-decisions-for-service-timing.html,guides/blogs/food-hygiene-budget-planning-guide-for-summer-events-around-ranipet-junction.html,26.36,73.64,PASS,2961
guides/blogs/food-hygiene-budget-planning-guide-for-summer-events-around-ranipet-junction.html,guides/blogs/food-hygiene-budget-planning-guide-practical-decisions-for-service-timing.html,26.36,73.64,PASS,3095
guides/blogs/school-event-catering-checklist-for-family-preferences-around-pakkam.html,guides/blogs/school-event-catering-planning-guide-practical-decisions-for-family-preferences.html,26.35,73.65,PASS,2938
guides/blogs/guest-count-planning-planning-guide-for-family-preferences-around-nemili-bus-stand.html,guides/blogs/guest-count-planning-planning-guide-practical-decisions-for-mixed-menus.html,26.25,73.75,PASS,3171
guides/blogs/college-fest-catering-in-vellore-budget-planning-guide-for-guest-comfort.html,guides/blogs/farmhouse-catering-in-vellore-budget-planning-guide-for-guest-comfort.html,26.2,73.8,PASS,3079
guides/blogs/office-lunch-catering-in-vellore-service-guide-for-venue-logistics.html,guides/blogs/garden-party-catering-in-vellore-service-guide-for-venue-logistics.html,26.2,73.8,PASS,3008
guides/blogs/groom-bridal-welcome-catering-in-vellore-timing-guide-for-live-counters.html,guides/blogs/conference-catering-in-vellore-timing-guide-for-live-counters.html,26.14,73.86,PASS,3008
guides/blogs/rajasthani-catering-in-vellore-checklist-for-service-timing.html,guides/blogs/kids-party-catering-in-vellore-checklist-for-service-timing.html,26.13,73.87,PASS,2805
guides/blogs/kids-party-catering-in-vellore-checklist-for-service-timing.html,guides/blogs/rajasthani-catering-in-vellore-checklist-for-service-timing.html,26.13,73.87,PASS,2901
guides/blogs/daily-meal-service-in-vellore-service-guide-for-venue-logistics.html,guides/blogs/college-catering-in-vellore-service-guide-for-venue-logistics.html,26.11,73.89,PASS,3026
guides/blogs/house-party-catering-in-vellore-venue-coordination-guide-for-mixed-menus.html,guides/blogs/healthcare-conference-catering-in-vellore-venue-coordination-guide-for-mixed-menus.html,26.1,73.9,PASS,3115
guides/blogs/healthcare-conference-catering-in-vellore-venue-coordination-guide-for-mixed-menus.html,guides/blogs/house-party-catering-in-vellore-venue-coordination-guide-for-mixed-menus.html,26.1,73.9,PASS,3086
servicing-areas/ambur-catering.html,servicing-areas/ambur-r-f-catering.html,26.09,73.91,PASS,4261
servicing-areas/ambur-r-f-catering.html,servicing-areas/ambur-catering.html,26.09,73.91,PASS,4538
guides/blogs/north-indian-catering-in-vellore-menu-guide-for-monsoon-planning.html,guides/blogs/training-program-catering-in-vellore-menu-guide-for-monsoon-planning.html,26.09,73.91,PASS,2976
guides/blogs/diwali-catering-in-vellore-service-guide-for-venue-logistics.html,guides/blogs/south-indian-catering-in-vellore-service-guide-for-venue-logistics.html,26.08,73.92,PASS,2929
servicing-areas/nemili-catering.html,servicing-areas/vellore-catering.html,26.07,73.93,PASS,4220
servicing-areas/vellore-catering.html,servicing-areas/nemili-catering.html,26.07,73.93,PASS,4262
servicing-areas/officers-line-vellore-catering.html,servicing-areas/officers-line-catering.html,26.05,73.95,PASS,4561
guides/blogs/lunch-catering-menu-guide-practical-decisions-for-service-timing.html,guides/blogs/biryani-catering-menu-guide-practical-decisions-for-service-timing.html,25.99,74.01,PASS,2918
guides/blogs/reception-dinner-catering-timing-guide-for-family-preferences-around-varadhareddipalli.html,guides/blogs/reception-dinner-catering-checklist-for-mixed-menus-around-vellore-fort.html,25.95,74.05,PASS,3036
guides/blogs/promotion-party-catering-in-vellore-service-guide-for-beverage-planning.html,guides/blogs/temple-festival-catering-in-vellore-service-guide-for-beverage-planning.html,25.95,74.05,PASS,3002
guides/blogs/reception-dinner-catering-checklist-for-mixed-menus-around-vellore-fort.html,guides/blogs/reception-dinner-catering-timing-guide-for-family-preferences-around-varadhareddipalli.html,25.95,74.05,PASS,3035
guides/blogs/annadhanam-catering-food-counter-guide-for-family-preferences-around-gudimallur.html,guides/blogs/annadhanam-catering-food-counter-guide-practical-decisions-for-mixed-menus.html,25.93,74.07,PASS,3013
guides/blogs/biryani-catering-venue-coordination-guide-for-summer-events-around-rathinagiri.html,guides/blogs/biryani-catering-venue-coordination-guide-practical-decisions-for-service-timing.html,25.86,74.14,PASS,2993
guides/blogs/airport-travel-group-catering-in-vellore-menu-guide-for-monsoon-planning.html,guides/blogs/charity-event-catering-in-vellore-menu-guide-for-monsoon-planning.html,25.84,74.16,PASS,2986
guides/blogs/corporate-pantry-catering-in-vellore-menu-guide-for-food-quantity-planning.html,guides/blogs/full-service-catering-in-vellore-menu-guide-for-food-quantity-planning.html,25.79,74.21,PASS,3077
servicing-areas/jolarpet-catering.html,servicing-areas/nemili-catering.html,25.78,74.22,PASS,4249
servicing-areas/gandhi-nagar-katpadi-catering.html,servicing-areas/ariyur-katpadi-catering.html,25.76,74.24,PASS,4543
guides/blogs/wedding-catering-in-vellore-venue-coordination-guide-for-summer-events-around-gengasanikuppam.html,guides/blogs/wedding-catering-in-vellore-mistakes-to-avoid-practical-decisions-for-summer-events.html,25.71,74.29,PASS,3171
guides/blogs/brahmin-sattvic-catering-in-vellore-food-counter-guide-for-dessert-planning.html,guides/blogs/cloud-kitchen-event-catering-in-vellore-food-counter-guide-for-dessert-planning.html,25.7,74.3,PASS,2994
guides/blogs/women-s-day-catering-in-vellore-venue-coordination-guide-for-family-preferences.html,guides/blogs/jain-food-catering-in-vellore-venue-coordination-guide-for-family-preferences.html,25.62,74.38,PASS,3094
guides/blogs/corporate-breakfast-catering-in-vellore-checklist-for-summer-events.html,guides/blogs/mehendi-catering-in-vellore-checklist-for-summer-events.html,25.62,74.38,PASS,2901
servicing-areas/katpadi-catering.html,servicing-areas/vellore-catering.html,25.58,74.42,PASS,4233
servicing-areas/pernambut-catering.html,servicing-areas/vellore-catering.html,25.57,74.43,PASS,4232
servicing-areas/kaniyambadi-catering.html,servicing-areas/kaniyambadi-r-f-catering.html,25.55,74.45,PASS,4251
servicing-areas/kaniyambadi-r-f-catering.html,servicing-areas/kaniyambadi-catering.html,25.55,74.45,PASS,4515
guides/blogs/live-food-counters-budget-planning-guide-for-summer-events-around-elluparai.html,guides/blogs/live-food-counters-budget-planning-guide-practical-decisions-for-service-timing.html,25.53,74.47,PASS,3101
guides/blogs/biryani-catering-mistakes-to-avoid-for-service-timing-around-chettithangal.html,guides/blogs/biryani-catering-mistakes-to-avoid-practical-decisions-for-summer-events.html,25.52,74.48,PASS,3019
servicing-areas/cmc-outgate-catering.html,servicing-areas/cmc-hospital-road-catering.html,25.51,74.49,PASS,4382
guides/blogs/mutts-ashrams-catering-in-vellore-checklist-for-service-timing.html,guides/blogs/kids-party-catering-in-vellore-checklist-for-service-timing.html,25.5,74.5,PASS,2812
guides/blogs/friendship-day-catering-in-vellore-menu-guide-for-monsoon-planning.html,guides/blogs/graduation-party-catering-in-vellore-menu-guide-for-monsoon-planning.html,25.41,74.59,PASS,3024
guides/blogs/corporate-catering-venue-coordination-guide-for-service-timing-around-fort-main-road.html,guides/blogs/corporate-catering-venue-coordination-guide-practical-decisions-for-summer-events.html,25.41,74.59,PASS,3200
guides/blogs/farewell-party-catering-in-vellore-venue-coordination-guide-for-family-preferences.html,guides/blogs/destination-event-catering-in-vellore-venue-coordination-guide-for-family-preferences.html,25.34,74.66,PASS,3090
servicing-areas/tiruttani-catering.html,servicing-areas/anaicut-catering.html,25.32,74.68,PASS,4232
servicing-areas/anaicut-catering.html,servicing-areas/tiruttani-catering.html,25.32,74.68,PASS,4233
servicing-areas/vellore-r-f-catering.html,servicing-areas/cmc-vellore-catering.html,25.29,74.71,PASS,4524
servicing-areas/cmc-vellore-catering.html,servicing-areas/vellore-r-f-catering.html,25.29,74.71,PASS,4325
guides/blogs/sweet-savoury-catering-in-vellore-menu-guide-for-food-quantity-planning.html,guides/blogs/celebrity-event-catering-in-vellore-menu-guide-for-food-quantity-planning.html,25.29,74.71,PASS,3173
servicing-areas/sholinghur-catering.html,servicing-areas/katpadi-catering.html,25.26,74.74,PASS,4273
guides/blogs/temple-function-catering-budget-planning-guide-for-summer-events-around-kalmelkuppam.html,guides/blogs/temple-function-catering-budget-planning-guide-practical-decisions-for-service-timing.html,25.26,74.74,PASS,3110
guides/blogs/caf-catering-in-vellore-venue-coordination-guide-for-mixed-menus.html,guides/blogs/plated-catering-in-vellore-venue-coordination-guide-for-mixed-menus.html,25.26,74.74,PASS,3042
servicing-areas/sriperumbudur-catering.html,servicing-areas/vellore-catering.html,25.25,74.75,PASS,4268
servicing-areas/perumal-koil-street-catering.html,servicing-areas/konar-street-catering.html,25.22,74.78,PASS,4549
servicing-areas/konar-street-catering.html,servicing-areas/perumal-koil-street-catering.html,25.22,74.78,PASS,4348
guides/blogs/saraswati-pooja-catering-in-vellore-checklist-for-service-timing.html,guides/blogs/diet-catering-in-vellore-checklist-for-service-timing.html,25.18,74.82,PASS,2909
guides/blogs/housewarming-catering-food-counter-guide-for-mixed-menus-around-arumparai.html,guides/blogs/housewarming-catering-food-counter-guide-practical-decisions-for-family-preferences.html,25.18,74.82,PASS,2990
servicing-areas/arakkonam-catering.html,servicing-areas/pernambut-catering.html,25.17,74.83,PASS,4249
guides/blogs/filter-coffee-service-menu-guide-for-summer-events-around-nallimalai-r-f.html,guides/blogs/filter-coffee-service-menu-guide-practical-decisions-for-service-timing.html,25.13,74.87,PASS,3152
guides/blogs/seemandham-catering-in-vellore-mistakes-to-avoid-for-service-timing-around-cmc-golden-jubilee-road.html,guides/blogs/seemandham-catering-in-vellore-mistakes-to-avoid-practical-decisions-for-summer-events.html,25.13,74.87,PASS,3476
servicing-areas/tiruvannamalai-catering.html,servicing-areas/madhanur-catering.html,25.11,74.89,PASS,4224
servicing-areas/madhanur-catering.html,servicing-areas/tiruvannamalai-catering.html,25.11,74.89,PASS,4270
guides/blogs/seminar-catering-in-vellore-venue-coordination-guide-for-family-preferences.html,guides/blogs/onam-catering-in-vellore-venue-coordination-guide-for-family-preferences.html,25.0,75.0,PASS,2996
guides/blogs/onam-catering-in-vellore-venue-coordination-guide-for-family-preferences.html,guides/blogs/seminar-catering-in-vellore-venue-coordination-guide-for-family-preferences.html,25.0,75.0,PASS,3007
guides/blogs/marriage-hall-catering-in-vellore-venue-coordination-guide-for-family-preferences.html,guides/blogs/jain-food-catering-in-vellore-venue-coordination-guide-for-family-preferences.html,24.92,75.08,PASS,3096
servicing-areas/devikapuram-catering.html,servicing-areas/kilpennathur-catering.html,24.87,75.13,PASS,4289
servicing-areas/kilpennathur-catering.html,servicing-areas/devikapuram-catering.html,24.87,75.13,PASS,4235
servicing-areas/nagari-catering.html,servicing-areas/vellore-catering.html,24.85,75.15,PASS,4256
servicing-areas/kanchipuram-catering.html,servicing-areas/ambur-catering.html,24.83,75.17,PASS,4225
guides/blogs/annual-day-catering-in-vellore-checklist-for-service-timing.html,guides/blogs/public-function-catering-in-vellore-checklist-for-service-timing.html,24.81,75.19,PASS,2897
servicing-areas/bangarupalem-catering.html,servicing-areas/kaniyambadi-catering.html,24.77,75.23,PASS,4254
servicing-areas/chittoor-catering.html,servicing-areas/gudiyatham-catering.html,24.74,75.26,PASS,4272
servicing-areas/gudiyatham-catering.html,servicing-areas/chittoor-catering.html,24.74,75.26,PASS,4235
servicing-areas/gudipala-catering.html,servicing-areas/vellore-catering.html,24.73,75.27,PASS,4287
guides/blogs/school-event-catering-checklist-practical-decisions-for-mixed-menus.html,guides/blogs/venue-coordination-checklist-practical-decisions-for-mixed-menus.html,24.67,75.33,PASS,2931
guides/blogs/south-indian-wedding-menus-planning-guide-for-family-preferences-around-pichanur.html,guides/blogs/south-indian-wedding-menus-timing-guide-for-family-preferences-around-walajapet-bus-stand.html,24.63,75.37,PASS,3076
guides/blogs/south-indian-wedding-menus-timing-guide-for-family-preferences-around-walajapet-bus-stand.html,guides/blogs/south-indian-wedding-menus-planning-guide-for-family-preferences-around-pichanur.html,24.63,75.37,PASS,3267
guides/blogs/breakfast-catering-guest-count-guide-for-mixed-menus-around-devikapuram.html,guides/blogs/breakfast-catering-guest-count-guide-practical-decisions-for-family-preferences.html,24.61,75.39,PASS,2922
guides/blogs/breakfast-catering-guest-count-guide-practical-decisions-for-family-preferences.html,guides/blogs/breakfast-catering-guest-count-guide-for-mixed-menus-around-devikapuram.html,24.61,75.39,PASS,2940
servicing-areas/arcot-catering.html,servicing-areas/kaniyambadi-catering.html,24.6,75.4,PASS,4263
servicing-areas/arani-catering.html,servicing-areas/arakonam-catering.html,24.55,75.45,PASS,4299
servicing-areas/arakonam-catering.html,servicing-areas/arani-catering.html,24.55,75.45,PASS,4241
guides/blogs/guest-count-planning-timing-guide-for-family-preferences-around-gandhi-nagar.html,guides/blogs/guest-count-planning-food-counter-guide-for-mixed-menus-around-thiruvalluvar-university.html,24.53,75.47,PASS,3100
guides/blogs/guest-count-planning-food-counter-guide-for-mixed-menus-around-thiruvalluvar-university.html,guides/blogs/guest-count-planning-timing-guide-for-family-preferences-around-gandhi-nagar.html,24.53,75.47,PASS,3181
guides/blogs/lunch-catering-service-guide-for-service-timing-around-sathiyamangalam-road.html,guides/blogs/lunch-catering-menu-guide-practical-decisions-for-service-timing.html,24.52,75.48,PASS,3006
guides/blogs/coffee-break-catering-in-vellore-venue-coordination-guide-for-mixed-menus.html,guides/blogs/house-party-catering-in-vellore-venue-coordination-guide-for-mixed-menus.html,24.52,75.48,PASS,3088
guides/blogs/kerala-catering-in-vellore-venue-coordination-guide-for-family-preferences.html,guides/blogs/destination-event-catering-in-vellore-venue-coordination-guide-for-family-preferences.html,24.51,75.49,PASS,2980
guides/blogs/filter-coffee-service-budget-planning-guide-for-service-timing-around-gudiyatham-town.html,guides/blogs/filter-coffee-service-menu-guide-practical-decisions-for-service-timing.html,24.5,75.5,PASS,3173
guides/blogs/temple-function-catering-mistakes-to-avoid-for-summer-events-around-karadikudi.html,guides/blogs/temple-function-catering-venue-coordination-guide-practical-decisions-for-service-timing.html,24.49,75.51,PASS,3101
servicing-areas/vaniyambadi-catering.html,servicing-areas/kanchipuram-catering.html,24.43,75.57,PASS,4240
guides/blogs/bereavement-meal-catering-in-vellore-venue-coordination-guide-for-mixed-menus.html,guides/blogs/house-party-catering-in-vellore-venue-coordination-guide-for-mixed-menus.html,24.43,75.57,PASS,3090
guides/blogs/live-food-counters-service-guide-for-service-timing-around-arakkonam-road.html,guides/blogs/live-food-counters-service-guide-practical-decisions-for-summer-events.html,24.42,75.58,PASS,3081
servicing-areas/tirupathur-catering.html,servicing-areas/vandavasi-catering.html,24.41,75.59,PASS,4228
servicing-areas/vandavasi-catering.html,servicing-areas/tirupathur-catering.html,24.41,75.59,PASS,4201
servicing-areas/chengam-catering.html,servicing-areas/vellore-catering.html,24.37,75.63,PASS,4277
servicing-areas/sathuvachari-bus-stop-catering.html,servicing-areas/sathuvachari-phase-2-catering.html,24.33,75.67,PASS,4538
servicing-areas/cheyyar-catering.html,servicing-areas/chengam-catering.html,24.31,75.69,PASS,4229
guides/blogs/tamil-vegetarian-catering-service-guide-for-summer-events-around-arni-road.html,guides/blogs/tamil-vegetarian-catering-service-guide-practical-decisions-for-service-timing.html,24.3,75.7,PASS,3097
servicing-areas/kilvaithinankuppam-catering.html,servicing-areas/bangarupalem-catering.html,24.28,75.72,PASS,4258
guides/blogs/annadhanam-catering-planning-guide-for-mixed-menus-around-polur.html,guides/blogs/annadhanam-catering-planning-guide-practical-decisions-for-family-preferences.html,24.25,75.75,PASS,2903
guides/blogs/pongal-catering-in-vellore-checklist-for-summer-events.html,guides/blogs/sports-event-catering-in-vellore-checklist-for-summer-events.html,24.18,75.82,PASS,2828
guides/blogs/muslim-wedding-catering-in-vellore-checklist-for-service-timing.html,guides/blogs/rajasthani-catering-in-vellore-checklist-for-service-timing.html,24.17,75.83,PASS,2894
guides/blogs/south-indian-wedding-menus-checklist-for-mixed-menus-around-bagayam-road.html,guides/blogs/south-indian-wedding-menus-checklist-practical-decisions-for-family-preferences.html,24.16,75.84,PASS,3086
guides/blogs/homam-havan-catering-in-vellore-checklist-for-summer-events.html,guides/blogs/tiffin-catering-in-vellore-checklist-for-summer-events.html,24.12,75.88,PASS,2792
servicing-areas/ranipet-catering.html,servicing-areas/vellore-catering.html,24.11,75.89,PASS,4195
guides/blogs/lunch-catering-mistakes-to-avoid-for-service-timing-around-sathiyamangalam.html,guides/blogs/lunch-catering-mistakes-to-avoid-practical-decisions-for-summer-events.html,24.05,75.95,PASS,3012
servicing-areas/chetpet-catering.html,servicing-areas/katpadi-catering.html,24.03,75.97,PASS,4299
servicing-areas/palamaner-catering.html,servicing-areas/chittoor-catering.html,24.03,75.97,PASS,4221
guides/blogs/industrial-canteen-catering-in-vellore-venue-coordination-guide-for-mixed-menus.html,guides/blogs/bereavement-meal-catering-in-vellore-venue-coordination-guide-for-mixed-menus.html,23.93,76.07,PASS,3114
guides/blogs/banana-leaf-service-menu-guide-practical-decisions-for-summer-events.html,guides/blogs/seemandham-catering-in-vellore-budget-planning-guide-practical-decisions-for-summer-events.html,23.92,76.08,PASS,2998
guides/blogs/asian-catering-in-vellore-checklist-for-summer-events.html,guides/blogs/tiffin-catering-in-vellore-checklist-for-summer-events.html,23.91,76.09,PASS,2797
servicing-areas/kaveripakkam-catering.html,servicing-areas/kaniyambadi-catering.html,23.85,76.15,PASS,4238
servicing-areas/polur-catering.html,servicing-areas/tiruvannamalai-catering.html,23.81,76.19,PASS,4252
guides/blogs/pure-veg-catering-in-vellore-venue-coordination-guide-for-mixed-menus.html,guides/blogs/senior-friendly-catering-in-vellore-venue-coordination-guide-for-mixed-menus.html,23.78,76.22,PASS,3103
servicing-areas/puttur-catering.html,servicing-areas/alangayam-catering.html,23.76,76.24,PASS,4235
servicing-areas/alangayam-catering.html,servicing-areas/puttur-catering.html,23.76,76.24,PASS,4224
guides/blogs/breakfast-catering-planning-guide-for-mixed-menus-around-chinnadamal-cheruvu.html,guides/blogs/breakfast-catering-checklist-for-family-preferences-around-bakiyath.html,23.75,76.25,PASS,3014
guides/blogs/breakfast-catering-checklist-for-family-preferences-around-bakiyath.html,guides/blogs/breakfast-catering-planning-guide-for-mixed-menus-around-chinnadamal-cheruvu.html,23.75,76.25,PASS,2839
guides/blogs/lunch-catering-venue-coordination-guide-for-summer-events-around-seruvangi.html,guides/blogs/lunch-catering-menu-guide-practical-decisions-for-service-timing.html,23.72,76.28,PASS,3025
servicing-areas/walajapet-catering.html,servicing-areas/puttur-catering.html,23.44,76.56,PASS,4220
servicing-areas/kalambur-catering.html,servicing-areas/puttur-catering.html,23.41,76.59,PASS,4177
servicing-areas/padavedu-catering.html,servicing-areas/arani-catering.html,23.33,76.67,PASS,4217
guides/blogs/guest-count-planning-food-counter-guide-practical-decisions-for-family-preferences.html,guides/blogs/venue-coordination-planning-guide-practical-decisions-for-family-preferences.html,23.33,76.67,PASS,3139
guides/blogs/banana-leaf-service-menu-guide-for-service-timing-around-sainathapuram.html,guides/blogs/banana-leaf-service-menu-guide-practical-decisions-for-summer-events.html,23.31,76.69,PASS,2984
guides/blogs/engagement-catering-service-guide-for-summer-events-around-veerasettipalli-r-f.html,guides/blogs/engagement-catering-service-guide-practical-decisions-for-service-timing.html,23.25,76.75,PASS,3058
guides/blogs/housewarming-catering-planning-guide-for-family-preferences-around-mullai-nagar.html,guides/blogs/housewarming-catering-timing-guide-practical-decisions-for-family-preferences.html,23.21,76.79,PASS,2996
servicing-areas/nallimalai-r-f-catering.html,servicing-areas/appukal-r-f-catering.html,23.16,76.84,PASS,4568
guides/blogs/seemandham-catering-in-vellore-venue-coordination-guide-for-summer-events-around-madhanur-bus-stand.html,guides/blogs/seemandham-catering-in-vellore-menu-guide-practical-decisions-for-service-timing.html,23.15,76.85,PASS,3374
guides/blogs/school-event-catering-timing-guide-for-mixed-menus-around-cmc-outgate.html,guides/blogs/school-event-catering-timing-guide-practical-decisions-for-family-preferences.html,23.08,76.92,PASS,3113
guides/blogs/tamil-vegetarian-catering-menu-guide-for-summer-events-around-melshanankuppam.html,guides/blogs/tamil-vegetarian-catering-service-guide-for-summer-events-around-arni-road.html,23.06,76.94,PASS,3017
guides/blogs/guest-count-planning-checklist-for-mixed-menus-around-brahmapuram.html,guides/blogs/guest-count-planning-guest-count-guide-practical-decisions-for-mixed-menus.html,23.05,76.95,PASS,2912
guides/blogs/wedding-catering-in-vellore-service-guide-for-service-timing-around-arakkonam.html,guides/blogs/wedding-catering-in-vellore-menu-guide-practical-decisions-for-service-timing.html,22.9,77.1,PASS,3150
guides/blogs/banana-leaf-service-mistakes-to-avoid-for-summer-events-around-ariyur-junction.html,guides/blogs/banana-leaf-service-mistakes-to-avoid-practical-decisions-for-service-timing.html,22.79,77.21,PASS,3205
guides/blogs/temple-function-catering-menu-guide-for-service-timing-around-polur-road.html,guides/blogs/temple-function-catering-venue-coordination-guide-practical-decisions-for-service-timing.html,22.78,77.22,PASS,3065
guides/blogs/seemandham-catering-in-vellore-menu-guide-for-summer-events-around-kothakuppam.html,guides/blogs/seemandham-catering-in-vellore-menu-guide-practical-decisions-for-service-timing.html,22.73,77.27,PASS,3076
guides/blogs/buffet-catering-checklist-for-family-preferences-around-nemili-bazaar.html,guides/blogs/buffet-catering-planning-guide-practical-decisions-for-family-preferences.html,22.69,77.31,PASS,2912
guides/blogs/dessert-counters-guest-count-guide-for-mixed-menus-around-palamadai.html,guides/blogs/dessert-counters-checklist-practical-decisions-for-family-preferences.html,22.52,77.48,PASS,2932
guides/blogs/reception-dinner-catering-guest-count-guide-for-mixed-menus-around-pernambut-road.html,guides/blogs/reception-dinner-catering-planning-guide-practical-decisions-for-mixed-menus.html,22.5,77.5,PASS,3103
servicing-areas/gandhinagar-catering.html,servicing-areas/gandhinagar-katpadi-catering.html,22.45,77.55,PASS,4163
guides/blogs/buffet-catering-timing-guide-for-mixed-menus-around-umayampattu.html,guides/blogs/buffet-catering-checklist-practical-decisions-for-mixed-menus.html,22.43,77.57,PASS,2923
guides/blogs/non-vegetarian-catering-guest-count-guide-for-family-preferences-around-vellore-south.html,guides/blogs/non-vegetarian-catering-guest-count-guide-practical-decisions-for-mixed-menus.html,22.39,77.61,PASS,3032
guides/blogs/live-food-counters-menu-guide-for-service-timing-around-machampattu.html,guides/blogs/live-food-counters-service-guide-practical-decisions-for-summer-events.html,22.36,77.64,PASS,2990
servicing-areas/vellore-east-catering.html,servicing-areas/vellore-town-catering.html,22.32,77.68,PASS,4405
guides/blogs/buffet-catering-guest-count-guide-for-family-preferences-around-nemili.html,guides/blogs/buffet-catering-food-counter-guide-practical-decisions-for-mixed-menus.html,22.32,77.68,PASS,2934
guides/blogs/engagement-catering-mistakes-to-avoid-for-service-timing-around-nemili-junction.html,guides/blogs/engagement-catering-in-vellore-guest-count-guide-for-buffet-flow.html,22.26,77.74,PASS,3124
servicing-areas/pallalakuppam-r-f-catering.html,servicing-areas/karapattu-r-f-catering.html,22.21,77.79,PASS,4524
guides/blogs/school-event-catering-food-counter-guide-for-mixed-menus-around-nemandapuram.html,guides/blogs/school-event-catering-timing-guide-for-mixed-menus-around-cmc-outgate.html,22.15,77.85,PASS,3119
servicing-areas/vellore-north-catering.html,servicing-areas/vellore-fort-catering.html,22.1,77.9,PASS,4299
servicing-areas/vellore-fort-catering.html,servicing-areas/vellore-north-catering.html,22.1,77.9,PASS,4340
guides/blogs/food-hygiene-menu-guide-for-service-timing-around-kammiyambattu.html,guides/blogs/food-hygiene-menu-guide-practical-decisions-for-summer-events.html,21.95,78.05,PASS,2906
servicing-areas/arumparai-catering.html,servicing-areas/pulimedu-catering.html,21.94,78.06,PASS,4175
servicing-areas/pulimedu-catering.html,servicing-areas/arumparai-catering.html,21.94,78.06,PASS,4195
servicing-areas/ariyur-catering.html,servicing-areas/ariyur-katpadi-catering.html,21.92,78.08,PASS,4121
guides/blogs/annadhanam-catering-checklist-for-family-preferences-around-abdullapuram.html,guides/blogs/annadhanam-catering-food-counter-guide-for-family-preferences-around-gudimallur.html,21.92,78.08,PASS,2830
guides/blogs/wedding-catering-in-vellore-menu-guide-for-service-timing-around-vellore.html,guides/blogs/wedding-catering-in-vellore-venue-coordination-guide-practical-decisions-for-service-timing.html,21.77,78.23,PASS,3065
guides/blogs/non-vegetarian-catering-planning-guide-for-family-preferences-around-khadavalam.html,guides/blogs/non-vegetarian-catering-guest-count-guide-for-family-preferences-around-vellore-south.html,21.73,78.27,PASS,2899
guides/blogs/venue-coordination-guest-count-guide-for-family-preferences-around-malayambattu.html,guides/blogs/venue-coordination-guest-count-guide-practical-decisions-for-mixed-menus.html,21.7,78.3,PASS,2918
servicing-areas/vellore-cantonment-catering.html,servicing-areas/vellore-west-catering.html,21.6,78.4,PASS,4428
servicing-areas/vellore-west-catering.html,servicing-areas/vellore-cantonment-catering.html,21.6,78.4,PASS,4374
guides/blogs/engagement-catering-menu-guide-for-summer-events-around-sathuvachari-phase-1.html,guides/blogs/engagement-catering-in-vellore-guest-count-guide-for-buffet-flow.html,21.6,78.4,PASS,3120
guides/blogs/engagement-catering-budget-planning-guide-for-service-timing-around-kasalankuppam.html,guides/blogs/engagement-catering-budget-planning-guide-practical-decisions-for-summer-events.html,21.58,78.42,PASS,3026
guides/blogs/wedding-catering-in-vellore-budget-planning-guide-for-summer-events-around-gudipala.html,guides/blogs/wedding-catering-in-vellore-service-guide-practical-decisions-for-summer-events.html,21.58,78.42,PASS,3186
guides/blogs/tamil-vegetarian-catering-budget-planning-guide-for-service-timing-around-green-circle-vellore.html,servicing-areas/green-circle-vellore-catering.html,21.56,78.44,PASS,3285
servicing-areas/fort-market-catering.html,servicing-areas/fort-roundana-catering.html,21.45,78.55,PASS,4368
servicing-areas/fort-roundana-catering.html,servicing-areas/fort-market-catering.html,21.45,78.55,PASS,4394
guides/blogs/catering-budget-planning-venue-coordination-guide-for-service-timing-around-tirupattur-bus-stand.html,guides/blogs/catering-budget-planning-venue-coordination-guide-practical-decisions-for-summer-events.html,21.43,78.57,PASS,3288
guides/blogs/filter-coffee-service-mistakes-to-avoid-for-service-timing-around-vepampattu.html,guides/blogs/filter-coffee-service-service-guide-practical-decisions-for-service-timing.html,21.39,78.61,PASS,3117
servicing-areas/usur-catering.html,servicing-areas/vellore-r-f-catering.html,21.34,78.66,PASS,4171
servicing-areas/veerasettipalli-r-f-catering.html,servicing-areas/ammundi-r-f-catering.html,21.32,78.68,PASS,4518
servicing-areas/kilkothur-catering.html,servicing-areas/kaspa-catering.html,21.31,78.69,PASS,4217
servicing-areas/kaspa-catering.html,servicing-areas/kilkothur-catering.html,21.31,78.69,PASS,4194
servicing-areas/timiri-catering.html,servicing-areas/masigam-catering.html,21.27,78.73,PASS,4164
servicing-areas/masigam-catering.html,servicing-areas/timiri-catering.html,21.27,78.73,PASS,4197
guides/blogs/birthday-catering-in-vellore-timing-guide-for-family-preferences-around-palampakkam.html,guides/blogs/birthday-catering-in-vellore-guest-count-guide-practical-decisions-for-family-preferences.html,21.26,78.74,PASS,3067
guides/blogs/banana-leaf-service-venue-coordination-guide-for-service-timing-around-kilkrishnapuram.html,guides/blogs/banana-leaf-service-mistakes-to-avoid-practical-decisions-for-service-timing.html,21.22,78.78,PASS,3107
servicing-areas/melshanankuppam-catering.html,servicing-areas/suparipattu-catering.html,21.19,78.81,PASS,4191
servicing-areas/suparipattu-catering.html,servicing-areas/melshanankuppam-catering.html,21.19,78.81,PASS,4171
servicing-areas/vellore-institute-of-technology-catering.html,servicing-areas/vellore-north-catering.html,21.08,78.92,PASS,4713
guides/blogs/biryani-catering-budget-planning-guide-for-summer-events-around-thattaparai.html,guides/blogs/biryani-catering-venue-coordination-guide-practical-decisions-for-service-timing.html,21.07,78.93,PASS,2980
guides/blogs/biryani-catering-service-guide-for-service-timing-around-shenbakkam.html,guides/blogs/biryani-catering-menu-guide-practical-decisions-for-service-timing.html,21.05,78.95,PASS,2934
servicing-areas/vellore-collectorate-catering.html,servicing-areas/vellore-r-f-catering.html,21.02,78.98,PASS,4359
guides/blogs/birthday-catering-in-vellore-planning-guide-for-mixed-menus-around-kaniyambadi-r-f.html,guides/blogs/birthday-catering-in-vellore-timing-guide-practical-decisions-for-mixed-menus.html,21.02,78.98,PASS,3259
servicing-areas/lekkanakuppam-catering.html,servicing-areas/kuppampalayam-catering.html,21.0,79.0,PASS,4218
servicing-areas/kuppampalayam-catering.html,servicing-areas/lekkanakuppam-catering.html,21.0,79.0,PASS,4193
guides/blogs/venue-coordination-food-counter-guide-for-mixed-menus-around-natrampalli.html,guides/blogs/venue-coordination-timing-guide-practical-decisions-for-family-preferences.html,20.96,79.04,PASS,3003
guides/blogs/school-event-catering-guest-count-guide-for-family-preferences-around-gudiyatham-bazaar.html,guides/blogs/school-event-catering-planning-guide-practical-decisions-for-family-preferences.html,20.96,79.04,PASS,3115
guides/blogs/dessert-counters-food-counter-guide-for-family-preferences-around-gudiyatham.html,guides/blogs/dessert-counters-timing-guide-for-family-preferences-around-chittoor.html,20.96,79.04,PASS,3000
servicing-areas/vellore-south-catering.html,guides/blogs/non-vegetarian-catering-guest-count-guide-for-family-preferences-around-vellore-south.html,20.94,79.06,PASS,4357
servicing-areas/pernampattu-catering.html,servicing-areas/rathinagiri-catering.html,20.93,79.07,PASS,4179
servicing-areas/rathinagiri-catering.html,servicing-areas/pernampattu-catering.html,20.93,79.07,PASS,4186
servicing-areas/nellorepettai-catering.html,servicing-areas/vannanthangal-catering.html,20.92,79.08,PASS,4167
servicing-areas/vannanthangal-catering.html,servicing-areas/nellorepettai-catering.html,20.92,79.08,PASS,4156
guides/blogs/venue-coordination-timing-guide-for-mixed-menus-around-sathuvachari-junction.html,guides/blogs/venue-coordination-timing-guide-practical-decisions-for-family-preferences.html,20.9,79.1,PASS,2995
servicing-areas/koothambakkam-catering.html,servicing-areas/melsanankuppam-catering.html,20.85,79.15,PASS,4158
servicing-areas/melsanankuppam-catering.html,servicing-areas/koothambakkam-catering.html,20.85,79.15,PASS,4212
guides/blogs/breakfast-catering-food-counter-guide-for-family-preferences-around-athiyur.html,guides/blogs/breakfast-catering-food-counter-guide-practical-decisions-for-mixed-menus.html,20.84,79.16,PASS,3025
guides/blogs/birthday-catering-in-vellore-food-counter-guide-for-family-preferences-around-arakonam-town.html,guides/blogs/birthday-catering-in-vellore-guest-count-guide-practical-decisions-for-family-preferences.html,20.82,79.18,PASS,3319
servicing-areas/pakkam-catering.html,servicing-areas/ambur-town-catering.html,20.73,79.27,PASS,4178
guides/blogs/food-hygiene-venue-coordination-guide-for-service-timing-around-vettavalam.html,guides/blogs/food-hygiene-budget-planning-guide-practical-decisions-for-service-timing.html,20.72,79.28,PASS,3008
servicing-areas/chettithangal-catering.html,servicing-areas/thellai-catering.html,20.7,79.3,PASS,4189
servicing-areas/allapuram-catering.html,servicing-areas/appukal-catering.html,20.66,79.34,PASS,4195
servicing-areas/thimmanacherikuppam-catering.html,servicing-areas/kandili-catering.html,20.65,79.35,PASS,4192
servicing-areas/kandili-catering.html,servicing-areas/thimmanacherikuppam-catering.html,20.65,79.35,PASS,4200
guides/live-counter-planning-vellore.html,guides/catering-cost-guide-vellore.html,20.63,79.37,PASS,1054
servicing-areas/anaikattu-catering.html,servicing-areas/karuthamalai-catering.html,20.61,79.39,PASS,4178
servicing-areas/sholavaram-catering.html,servicing-areas/bomminayakkanpalayam-catering.html,20.6,79.4,PASS,4173
servicing-areas/kothakuppam-catering.html,servicing-areas/karugambathur-catering.html,20.6,79.4,PASS,4204
servicing-areas/karugambathur-catering.html,servicing-areas/kothakuppam-catering.html,20.6,79.4,PASS,4199
servicing-areas/kallukadai-garden-catering.html,servicing-areas/walajabad-catering.html,20.56,79.44,PASS,4358
servicing-areas/walajabad-catering.html,servicing-areas/kallukadai-garden-catering.html,20.56,79.44,PASS,4175
servicing-areas/puttavaripalli-catering.html,servicing-areas/sainathapuram-catering.html,20.51,79.49,PASS,4184
servicing-areas/sainathapuram-catering.html,servicing-areas/puttavaripalli-catering.html,20.51,79.49,PASS,4199
servicing-areas/ammanankuppam-catering.html,servicing-areas/modikuppam-catering.html,20.49,79.51,PASS,4190
servicing-areas/modikuppam-catering.html,servicing-areas/ammanankuppam-catering.html,20.49,79.51,PASS,4198
servicing-areas/thadagam-catering.html,servicing-areas/jolarpet-town-catering.html,20.47,79.53,PASS,4192
servicing-areas/palur-catering.html,servicing-areas/kandili-catering.html,20.46,79.54,PASS,4218
servicing-areas/karuneekasamudram-catering.html,servicing-areas/kammiyambattu-catering.html,20.44,79.56,PASS,4173
servicing-areas/kammiyambattu-catering.html,servicing-areas/karuneekasamudram-catering.html,20.44,79.56,PASS,4200
guides/blogs/food-hygiene-mistakes-to-avoid-for-summer-events-around-poondi.html,guides/blogs/food-hygiene-menu-guide-practical-decisions-for-summer-events.html,20.44,79.56,PASS,3003
servicing-areas/sathapalaiyam-catering.html,servicing-areas/kuppampalayam-catering.html,20.42,79.58,PASS,4194
servicing-areas/nemandapuram-catering.html,servicing-areas/kumaramangalam-catering.html,20.41,79.59,PASS,4156
servicing-areas/kumaramangalam-catering.html,servicing-areas/nemandapuram-catering.html,20.41,79.59,PASS,4153
servicing-areas/nariambattu-catering.html,servicing-areas/vellore-north-catering.html,20.38,79.62,PASS,4175
servicing-areas/kadapperi-catering.html,servicing-areas/thuttikadu-catering.html,20.35,79.65,PASS,4165
servicing-areas/thuttikadu-catering.html,servicing-areas/kadapperi-catering.html,20.35,79.65,PASS,4165
servicing-areas/chinnallapuram-catering.html,servicing-areas/kil-arasampattu-catering.html,20.35,79.65,PASS,4174
guides/blogs/banana-leaf-service-service-guide-for-summer-events-around-thengal.html,guides/blogs/banana-leaf-service-venue-coordination-guide-for-service-timing-around-kilkrishnapuram.html,20.35,79.65,PASS,2977
servicing-areas/brahmapuram-catering.html,servicing-areas/sholavaram-catering.html,20.33,79.67,PASS,4144
servicing-areas/devarishikuppam-catering.html,servicing-areas/vellore-institute-of-technology-catering.html,20.3,79.7,PASS,4144
servicing-areas/odiyathur-catering.html,servicing-areas/thuttikadu-catering.html,20.3,79.7,PASS,4175
servicing-areas/perumuchi-catering.html,servicing-areas/kilkothur-catering.html,20.3,79.7,PASS,4192
servicing-areas/melvisharam-catering.html,servicing-areas/maniyarakuppam-catering.html,20.28,79.72,PASS,4167
servicing-areas/maniyarakuppam-catering.html,servicing-areas/melvisharam-catering.html,20.28,79.72,PASS,4198
servicing-areas/sathiyamangalam-catering.html,servicing-areas/ariyur-katpadi-catering.html,20.28,79.72,PASS,4154
servicing-areas/pennathur-catering.html,servicing-areas/modikuppam-catering.html,20.2,79.8,PASS,4131
servicing-areas/ongapadi-catering.html,servicing-areas/bojanapuram-catering.html,20.17,79.83,PASS,4174
servicing-areas/bojanapuram-catering.html,servicing-areas/ongapadi-catering.html,20.17,79.83,PASS,4183
servicing-areas/balekuppam-catering.html,servicing-areas/ambur-town-catering.html,20.17,79.83,PASS,4188
servicing-areas/erthangal-catering.html,servicing-areas/chithathoor-catering.html,20.15,79.85,PASS,4172
servicing-areas/chithathoor-catering.html,servicing-areas/erthangal-catering.html,20.15,79.85,PASS,4200
servicing-areas/anandhalai-catering.html,servicing-areas/alanganeri-catering.html,20.13,79.87,PASS,4197
servicing-areas/gundalapalli-catering.html,servicing-areas/chokkarishikuppam-catering.html,20.13,79.87,PASS,4180
servicing-areas/chokkarishikuppam-catering.html,servicing-areas/gundalapalli-catering.html,20.13,79.87,PASS,4177
servicing-areas/alanganeri-catering.html,servicing-areas/anandhalai-catering.html,20.13,79.87,PASS,4216
servicing-areas/kilpatti-catering.html,servicing-areas/gundalapalli-catering.html,20.12,79.88,PASS,4163
servicing-areas/sembedu-catering.html,servicing-areas/seduvalai-catering.html,20.12,79.88,PASS,4161
servicing-areas/seduvalai-catering.html,servicing-areas/sembedu-catering.html,20.12,79.88,PASS,4161
servicing-areas/chinnadamal-cheruvu-catering.html,guides/blogs/breakfast-catering-planning-guide-for-mixed-menus-around-chinnadamal-cheruvu.html,20.12,79.88,PASS,4329
servicing-areas/kosapet-catering.html,servicing-areas/thimmanacherikuppam-catering.html,20.12,79.88,PASS,4155
servicing-areas/parsanapalli-catering.html,servicing-areas/munjurpattu-catering.html,20.11,79.89,PASS,4189
servicing-areas/munjurpattu-catering.html,servicing-areas/parsanapalli-catering.html,20.11,79.89,PASS,4157
servicing-areas/karkur-catering.html,servicing-areas/okkanapuram-catering.html,20.11,79.89,PASS,4189
servicing-areas/okkanapuram-catering.html,servicing-areas/karkur-catering.html,20.11,79.89,PASS,4161
servicing-areas/chedukkarai-catering.html,servicing-areas/koothambakkam-catering.html,20.08,79.92,PASS,4178
servicing-areas/arapakkam-catering.html,servicing-areas/sholinghur-town-catering.html,20.08,79.92,PASS,4151
servicing-areas/arunkundram-catering.html,servicing-areas/bagayam-catering.html,20.07,79.93,PASS,4167
servicing-areas/bagayam-catering.html,servicing-areas/arunkundram-catering.html,20.07,79.93,PASS,4179
servicing-areas/melarasampattu-catering.html,servicing-areas/kaveripakkam-town-catering.html,20.06,79.94,PASS,4194
servicing-areas/thiruvalluvar-university-catering.html,servicing-areas/usur-catering.html,20.06,79.94,PASS,4395
servicing-areas/cholamur-catering.html,servicing-areas/chengundram-catering.html,20.06,79.94,PASS,4211
servicing-areas/chengundram-catering.html,servicing-areas/cholamur-catering.html,20.06,79.94,PASS,4187
servicing-areas/kattuputhur-catering.html,servicing-areas/vepampattu-catering.html,20.05,79.95,PASS,4202
servicing-areas/vepampattu-catering.html,servicing-areas/kattuputhur-catering.html,20.05,79.95,PASS,4171
servicing-areas/kilmurungai-catering.html,servicing-areas/paravamalai-catering.html,20.05,79.95,PASS,4099
servicing-areas/elluparai-catering.html,servicing-areas/alleri-catering.html,20.04,79.96,PASS,4206
servicing-areas/alleri-catering.html,servicing-areas/elluparai-catering.html,20.04,79.96,PASS,4196
servicing-areas/kondasamudram-catering.html,servicing-areas/kandili-catering.html,20.03,79.97,PASS,4201
servicing-areas/navalpur-catering.html,servicing-areas/vellore-r-f-catering.html,20.03,79.97,PASS,4212
servicing-areas/kannamangalam-catering.html,servicing-areas/pakkam-catering.html,20.01,79.99,PASS,4177
servicing-areas/kilkrishnapuram-catering.html,servicing-areas/thiriyalam-catering.html,19.99,80.01,PASS,4197
servicing-areas/dharapadavedu-catering.html,servicing-areas/paravamalai-r-f-catering.html,19.99,80.01,PASS,4215
servicing-areas/thiriyalam-catering.html,servicing-areas/kilkrishnapuram-catering.html,19.99,80.01,PASS,4194
servicing-areas/periyankuppam-catering.html,servicing-areas/ammanankuppam-catering.html,19.98,80.02,PASS,4195
servicing-areas/charakkal-catering.html,servicing-areas/kaniyambadi-r-f-catering.html,19.98,80.02,PASS,4173
servicing-areas/sadupperi-catering.html,servicing-areas/anandhalai-catering.html,19.98,80.02,PASS,4158
servicing-areas/danakondapalli-catering.html,servicing-areas/kallapadi-catering.html,19.97,80.03,PASS,4227
servicing-areas/palavansathu-catering.html,servicing-areas/gudiyatham-town-catering.html,19.97,80.03,PASS,4163
servicing-areas/kallapadi-catering.html,servicing-areas/danakondapalli-catering.html,19.97,80.03,PASS,4186
servicing-areas/labbaimankuppam-catering.html,servicing-areas/rajakuppam-catering.html,19.96,80.04,PASS,4151
servicing-areas/rajakuppam-catering.html,servicing-areas/labbaimankuppam-catering.html,19.96,80.04,PASS,4196
servicing-areas/virudampattu-catering.html,servicing-areas/brahmapuram-catering.html,19.96,80.04,PASS,4185
guides/blogs/housewarming-catering-checklist-for-mixed-menus-around-thiruvalam-junction.html,guides/blogs/housewarming-catering-guest-count-guide-practical-decisions-for-mixed-menus.html,19.95,80.05,PASS,2881
servicing-areas/melalathur-catering.html,servicing-areas/sathuvachari-catering.html,19.94,80.06,PASS,4197
servicing-areas/arumparuthi-catering.html,servicing-areas/kandaneri-catering.html,19.93,80.07,PASS,4187
servicing-areas/kandaneri-catering.html,servicing-areas/arumparuthi-catering.html,19.93,80.07,PASS,4220
servicing-areas/palampakkam-catering.html,servicing-areas/athiyur-catering.html,19.89,80.11,PASS,4164
servicing-areas/dakshinapathapalayam-catering.html,servicing-areas/chettikuppam-catering.html,19.89,80.11,PASS,4153
servicing-areas/chettikuppam-catering.html,servicing-areas/dakshinapathapalayam-catering.html,19.89,80.11,PASS,4184
servicing-areas/thorapadi-catering.html,servicing-areas/thengal-catering.html,19.89,80.11,PASS,4193
servicing-areas/sathambakkam-catering.html,servicing-areas/ambur-town-catering.html,19.89,80.11,PASS,4110
servicing-areas/thengal-catering.html,servicing-areas/thorapadi-catering.html,19.89,80.11,PASS,4168
guides/blogs/catering-service-staff-planning-guide-for-mixed-menus-around-unai.html,guides/blogs/catering-service-staff-planning-guide-practical-decisions-for-family-preferences.html,19.86,80.14,PASS,3041
servicing-areas/unai-catering.html,servicing-areas/jarthankollai-catering.html,19.85,80.15,PASS,4150
servicing-areas/jarthankollai-catering.html,servicing-areas/unai-catering.html,19.85,80.15,PASS,4173
servicing-areas/nedumipalayam-catering.html,servicing-areas/thiriyalam-catering.html,19.85,80.15,PASS,4190
servicing-areas/mukkundram-catering.html,servicing-areas/palavansathu-catering.html,19.84,80.16,PASS,4199
servicing-areas/konavattam-catering.html,servicing-areas/maniyarakuppam-catering.html,19.83,80.17,PASS,4121
servicing-areas/thalayatham-catering.html,servicing-areas/pennathur-catering.html,19.83,80.17,PASS,4166
servicing-areas/vannivedu-catering.html,servicing-areas/timiri-catering.html,19.83,80.17,PASS,4203
servicing-areas/thottapalayam-catering.html,servicing-areas/thalayatham-catering.html,19.82,80.18,PASS,4203
servicing-areas/panapakkam-catering.html,servicing-areas/danakondapalli-catering.html,19.8,80.2,PASS,4190
servicing-areas/veerichettipalli-catering.html,servicing-areas/nedumipalayam-catering.html,19.8,80.2,PASS,4137
servicing-areas/sevur-catering.html,servicing-areas/kaspa-catering.html,19.8,80.2,PASS,4157
servicing-areas/kalavai-catering.html,servicing-areas/perumal-koil-street-catering.html,19.8,80.2,PASS,4210
servicing-areas/kalanipakkam-catering.html,servicing-areas/masigam-catering.html,19.79,80.21,PASS,4180
servicing-areas/murukkeri-catering.html,servicing-areas/nacharkuppam-catering.html,19.78,80.22,PASS,4186
servicing-areas/kasalankuppam-catering.html,servicing-areas/sholavaram-catering.html,19.78,80.22,PASS,4160
servicing-areas/nacharkuppam-catering.html,servicing-areas/murukkeri-catering.html,19.78,80.22,PASS,4191
servicing-areas/arumbakkam-catering.html,servicing-areas/kulithigi-catering.html,19.75,80.25,PASS,4194
servicing-areas/kulithigi-catering.html,servicing-areas/arumbakkam-catering.html,19.75,80.25,PASS,4191
servicing-areas/bomminakuppam-catering.html,servicing-areas/danakondapalli-catering.html,19.75,80.25,PASS,4211
servicing-areas/kothamarikuppam-catering.html,servicing-areas/thottapalayam-catering.html,19.72,80.28,PASS,4200
servicing-areas/long-bazar-catering.html,servicing-areas/vellore-fort-catering.html,19.72,80.28,PASS,4371
servicing-areas/mittalam-catering.html,servicing-areas/melshanankuppam-catering.html,19.72,80.28,PASS,4146
servicing-areas/odugathur-catering.html,servicing-areas/vellore-fort-catering.html,19.69,80.31,PASS,4184
servicing-areas/kailasagiri-catering.html,servicing-areas/thiruvalam-catering.html,19.68,80.32,PASS,4196
servicing-areas/palampattu-catering.html,servicing-areas/umayampattu-catering.html,19.68,80.32,PASS,4174
servicing-areas/thiruvalam-catering.html,servicing-areas/kailasagiri-catering.html,19.68,80.32,PASS,4203
servicing-areas/umayampattu-catering.html,servicing-areas/palampattu-catering.html,19.68,80.32,PASS,4228
servicing-areas/nayakaneri-catering.html,servicing-areas/anpundi-catering.html,19.67,80.33,PASS,4145
servicing-areas/lalapet-catering.html,servicing-areas/rangasumudram-catering.html,19.67,80.33,PASS,4170
servicing-areas/anpundi-catering.html,servicing-areas/nayakaneri-catering.html,19.67,80.33,PASS,4191
servicing-areas/rangasumudram-catering.html,servicing-areas/lalapet-catering.html,19.67,80.33,PASS,4146
servicing-areas/mullavadi-catering.html,servicing-areas/gengasanikuppam-catering.html,19.66,80.34,PASS,4176
servicing-areas/gengasanikuppam-catering.html,servicing-areas/mullavadi-catering.html,19.66,80.34,PASS,4161
servicing-areas/kathiavadi-catering.html,servicing-areas/kondasamudram-catering.html,19.66,80.34,PASS,4154
servicing-areas/devichettikuppam-catering.html,servicing-areas/paradarami-catering.html,19.64,80.36,PASS,4158
servicing-areas/paradarami-catering.html,servicing-areas/devichettikuppam-catering.html,19.64,80.36,PASS,4223
servicing-areas/vilapakkam-catering.html,servicing-areas/rathinagiri-catering.html,19.62,80.38,PASS,4186
servicing-areas/narasingapuram-catering.html,servicing-areas/veerasettipalli-r-f-catering.html,19.62,80.38,PASS,4160
servicing-areas/natrampalli-catering.html,servicing-areas/karkur-catering.html,19.61,80.39,PASS,4227
servicing-areas/ananganallore-catering.html,servicing-areas/karuneekasamudram-catering.html,19.6,80.4,PASS,4174
servicing-areas/kannadikuppam-catering.html,servicing-areas/narasingapuram-catering.html,19.6,80.4,PASS,4194
servicing-areas/gudimallur-catering.html,servicing-areas/sathuvachari-phase-2-catering.html,19.59,80.41,PASS,4110
servicing-areas/karumbur-catering.html,servicing-areas/kasalankuppam-catering.html,19.58,80.42,PASS,4206
servicing-areas/ramapuram-catering.html,servicing-areas/kandaneri-catering.html,19.57,80.43,PASS,4163
servicing-areas/komeswaram-catering.html,servicing-areas/gandhi-nagar-catering.html,19.57,80.43,PASS,4175
servicing-areas/pakkampalayam-catering.html,servicing-areas/vellore-r-f-catering.html,19.57,80.43,PASS,4199
servicing-areas/annangudi-catering.html,servicing-areas/parsanapalli-catering.html,19.56,80.44,PASS,4169
servicing-areas/malayambattu-catering.html,servicing-areas/athiyur-r-f-catering.html,19.55,80.45,PASS,4162
servicing-areas/kilminnal-catering.html,servicing-areas/allapuram-catering.html,19.55,80.45,PASS,4121
servicing-areas/vasanthapuram-catering.html,servicing-areas/chengundram-catering.html,19.55,80.45,PASS,4228
servicing-areas/pinnanthurai-catering.html,servicing-areas/bomminayakkanpalayam-catering.html,19.54,80.46,PASS,4159
servicing-areas/tippasamudram-catering.html,servicing-areas/sathuvachari-catering.html,19.54,80.46,PASS,4172
servicing-areas/karadikudi-catering.html,servicing-areas/chokkarishikuppam-catering.html,19.54,80.46,PASS,4178
servicing-areas/sekkanur-catering.html,servicing-areas/gandhinagar-katpadi-catering.html,19.53,80.47,PASS,4212
guides/blogs/birthday-catering-in-vellore-guest-count-guide-for-mixed-menus-around-kothamarikuppam.html,guides/blogs/birthday-catering-in-vellore-planning-guide-for-mixed-menus-around-kaniyambadi-r-f.html,19.53,80.47,PASS,3075
servicing-areas/navlock-catering.html,servicing-areas/nellorepettai-catering.html,19.49,80.51,PASS,4194
servicing-areas/palapadi-catering.html,servicing-areas/maniyarakuppam-catering.html,19.49,80.51,PASS,4154
servicing-areas/bakiyath-catering.html,servicing-areas/appukal-catering.html,19.48,80.52,PASS,4215
servicing-areas/varadhareddipalli-catering.html,servicing-areas/pallipattu-catering.html,19.48,80.52,PASS,4170
servicing-areas/pallipattu-catering.html,servicing-areas/varadhareddipalli-catering.html,19.48,80.52,PASS,4185
servicing-areas/mahammadapuram-catering.html,servicing-areas/alleri-catering.html,19.48,80.52,PASS,4178
servicing-areas/koorambadi-catering.html,servicing-areas/shenbakkam-catering.html,19.47,80.53,PASS,4170
servicing-areas/shenbakkam-catering.html,servicing-areas/koorambadi-catering.html,19.47,80.53,PASS,4177
servicing-areas/kalyanapuram-catering.html,servicing-areas/walajapet-town-catering.html,19.47,80.53,PASS,4200
servicing-areas/periyapanaparai-catering.html,servicing-areas/adukkamparai-catering.html,19.46,80.54,PASS,4146
servicing-areas/kommalankuttai-catering.html,servicing-areas/tirupathur-town-catering.html,19.46,80.54,PASS,4172
servicing-areas/adukkamparai-catering.html,servicing-areas/periyapanaparai-catering.html,19.46,80.54,PASS,4163
servicing-areas/kulidikai-catering.html,servicing-areas/kandili-catering.html,19.46,80.54,PASS,4194
servicing-areas/rathnagiri-catering.html,servicing-areas/palamadai-r-f-catering.html,19.44,80.56,PASS,4198
servicing-areas/anna-salai-catering.html,servicing-areas/kulithigi-catering.html,19.43,80.57,PASS,4337
servicing-areas/abdullapuram-catering.html,servicing-areas/thiriyalam-catering.html,19.42,80.58,PASS,4160
servicing-areas/brahmanamangalam-catering.html,servicing-areas/sainathapuram-catering.html,19.41,80.59,PASS,4175
servicing-areas/serpadi-catering.html,servicing-areas/machampattu-catering.html,19.41,80.59,PASS,4198
servicing-areas/vettapattu-catering.html,servicing-areas/melarasampattu-catering.html,19.41,80.59,PASS,4213
servicing-areas/aiyur-catering.html,servicing-areas/komeswaram-catering.html,19.41,80.59,PASS,4184
servicing-areas/machampattu-catering.html,servicing-areas/serpadi-catering.html,19.41,80.59,PASS,4180
servicing-areas/saidapet-catering.html,servicing-areas/kattuputhur-catering.html,19.38,80.62,PASS,4181
servicing-areas/mailpatti-catering.html,servicing-areas/sembedu-catering.html,19.37,80.63,PASS,4213
servicing-areas/thirumalaicheri-catering.html,servicing-areas/arunkundram-catering.html,19.37,80.63,PASS,4167
servicing-areas/peenjamandai-catering.html,servicing-areas/vilapakkam-catering.html,19.37,80.63,PASS,4157
servicing-areas/thirumalpur-catering.html,servicing-areas/kallapadi-catering.html,19.36,80.64,PASS,4201
servicing-areas/kalinjur-catering.html,servicing-areas/periyapanaparai-catering.html,19.36,80.64,PASS,4180
servicing-areas/kadapanthangal-catering.html,servicing-areas/nallimalai-r-f-catering.html,19.35,80.65,PASS,4213
servicing-areas/kosalai-catering.html,servicing-areas/koorambadi-catering.html,19.35,80.65,PASS,4204
servicing-areas/thimiri-catering.html,servicing-areas/saidapet-catering.html,19.33,80.67,PASS,4184
servicing-areas/vettavalam-catering.html,servicing-areas/natrampalli-catering.html,19.32,80.68,PASS,4158
servicing-areas/nandiyalam-catering.html,servicing-areas/vilapakkam-catering.html,19.32,80.68,PASS,4172
servicing-areas/thellur-catering.html,servicing-areas/malayambattu-catering.html,19.29,80.71,PASS,4166
servicing-areas/genganallore-catering.html,servicing-areas/thiruvalluvar-university-catering.html,19.29,80.71,PASS,4196
servicing-areas/pichanur-catering.html,servicing-areas/kannadikuppam-catering.html,19.28,80.72,PASS,4193
servicing-areas/thandarampattu-catering.html,servicing-areas/chettikuppam-catering.html,19.28,80.72,PASS,4143
guides/guest-count-food-planning.html,guides/catering-hygiene-checklist.html,19.27,80.73,PASS,1092
servicing-areas/khadavalam-catering.html,servicing-areas/bomminayakkanpalayam-r-f-catering.html,19.27,80.73,PASS,4187
servicing-areas/alamelumangapuram-catering.html,servicing-areas/gudimallur-catering.html,19.26,80.74,PASS,4212
servicing-areas/thiruparkadal-catering.html,servicing-areas/kilkrishnapuram-catering.html,19.26,80.74,PASS,4138
servicing-areas/karunkali-catering.html,servicing-areas/kammiyambattu-catering.html,19.25,80.75,PASS,4158
guides/blogs/catering-budget-planning-service-guide-for-summer-events-around-pallikuppam.html,guides/blogs/catering-budget-planning-venue-coordination-guide-for-service-timing-around-tirupattur-bus-stand.html,19.25,80.75,PASS,3008
servicing-areas/kothapalli-catering.html,servicing-areas/koothambakkam-catering.html,19.24,80.76,PASS,4194
servicing-areas/veppur-catering.html,servicing-areas/kondasamudram-catering.html,19.24,80.76,PASS,4177
servicing-areas/vasanthanadai-catering.html,servicing-areas/nedumipalayam-catering.html,19.23,80.77,PASS,4202
servicing-areas/rangarajapuram-catering.html,servicing-areas/bomminayakkanpalayam-r-f-catering.html,19.21,80.79,PASS,4214
servicing-areas/kuppambattu-catering.html,servicing-areas/lalapet-catering.html,19.21,80.79,PASS,4185
servicing-areas/ammavaripalle-catering.html,servicing-areas/karugambathur-catering.html,19.2,80.8,PASS,4179
servicing-areas/elavambadi-catering.html,servicing-areas/nedumipalayam-catering.html,19.2,80.8,PASS,4172
servicing-areas/madayapattu-catering.html,servicing-areas/virudampattu-catering.html,19.2,80.8,PASS,4184
servicing-areas/goodanagaram-catering.html,servicing-areas/thirumalaicheri-catering.html,19.19,80.81,PASS,4187
servicing-areas/thattaparai-catering.html,servicing-areas/ranipet-town-catering.html,19.19,80.81,PASS,4175
servicing-areas/minnur-catering.html,servicing-areas/navalpur-catering.html,19.18,80.82,PASS,4147
servicing-areas/virinjipuram-catering.html,servicing-areas/vellore-west-catering.html,19.16,80.84,PASS,4192
servicing-areas/agraharam-catering.html,servicing-areas/thimmanacherikuppam-catering.html,19.15,80.85,PASS,4183
servicing-areas/kempasamudram-catering.html,servicing-areas/serpadi-catering.html,19.15,80.85,PASS,4187
servicing-areas/poondi-catering.html,servicing-areas/officers-line-catering.html,19.12,80.88,PASS,4152
servicing-areas/karugampattur-catering.html,servicing-areas/paravamalai-r-f-catering.html,19.12,80.88,PASS,4165
servicing-areas/erukkampattu-catering.html,servicing-areas/elluparai-catering.html,19.11,80.89,PASS,4189
servicing-areas/banavaram-catering.html,servicing-areas/rangarajapuram-catering.html,19.09,80.91,PASS,4196
servicing-areas/athikuppam-catering.html,servicing-areas/periyar-nagar-catering.html,19.08,80.92,PASS,4171
guides/blogs/catering-budget-planning-budget-planning-guide-for-service-timing-around-chittoor-road.html,guides/blogs/catering-budget-planning-venue-coordination-guide-practical-decisions-for-summer-events.html,19.07,80.93,PASS,3191
servicing-areas/seruvangi-catering.html,servicing-areas/vijayapuram-catering.html,19.06,80.94,PASS,4206
servicing-areas/poigai-catering.html,servicing-areas/thimmanacherikuppam-catering.html,19.06,80.94,PASS,4195
servicing-areas/vijayapuram-catering.html,servicing-areas/seruvangi-catering.html,19.06,80.94,PASS,4218
servicing-areas/ponnai-catering.html,servicing-areas/karadikudi-catering.html,19.04,80.96,PASS,4161
servicing-areas/katherikuppam-catering.html,servicing-areas/kandili-catering.html,19.02,80.98,PASS,4158
servicing-areas/singalpadi-catering.html,servicing-areas/athikuppam-catering.html,19.02,80.98,PASS,4179
servicing-areas/pallikuppam-catering.html,servicing-areas/kattuputhur-catering.html,19.0,81.0,PASS,4194
servicing-areas/angarankuppam-catering.html,servicing-areas/virinjipuram-catering.html,19.0,81.0,PASS,4192
servicing-areas/ramalai-catering.html,servicing-areas/paravamalai-catering.html,18.98,81.02,PASS,4196
servicing-areas/madhur-catering.html,servicing-areas/christian-medical-college-catering.html,18.95,81.05,PASS,4179
servicing-areas/christian-medical-college-catering.html,servicing-areas/madhur-catering.html,18.95,81.05,PASS,4547
servicing-areas/melmuttukur-catering.html,servicing-areas/brahmanamangalam-catering.html,18.94,81.06,PASS,4163
servicing-areas/melakuppam-catering.html,servicing-areas/veerichettipalli-catering.html,18.92,81.08,PASS,4152
servicing-areas/madanur-catering.html,servicing-areas/veppur-catering.html,18.89,81.11,PASS,4193
servicing-areas/pudukuppam-catering.html,servicing-areas/melvisharam-catering.html,18.89,81.11,PASS,4181
servicing-areas/melmanavur-catering.html,servicing-areas/vettapattu-catering.html,18.89,81.11,PASS,4162
servicing-areas/ayilam-catering.html,servicing-areas/elluparai-catering.html,18.89,81.11,PASS,4183
servicing-areas/sankaranpalayam-catering.html,servicing-areas/kilmurungai-catering.html,18.88,81.12,PASS,4164
servicing-areas/ammoor-catering.html,servicing-areas/devichettikuppam-catering.html,18.84,81.16,PASS,4208
servicing-areas/budur-catering.html,servicing-areas/kempasamudram-catering.html,18.84,81.16,PASS,4158
servicing-areas/puthagaram-catering.html,servicing-areas/vellore-south-catering.html,18.83,81.17,PASS,4171
servicing-areas/kilmanavur-catering.html,servicing-areas/pulimedu-catering.html,18.77,81.23,PASS,4147
servicing-areas/kangeyanallur-catering.html,servicing-areas/katharikuppam-catering.html,18.75,81.25,PASS,4185
servicing-areas/katharikuppam-catering.html,servicing-areas/kangeyanallur-catering.html,18.75,81.25,PASS,4164
servicing-areas/melpallipattu-catering.html,servicing-areas/thellai-catering.html,18.73,81.27,PASS,4174
servicing-areas/chinnalapalli-catering.html,servicing-areas/chettithangal-catering.html,18.7,81.3,PASS,4180
servicing-areas/chennesamudram-catering.html,servicing-areas/karunkali-catering.html,18.69,81.31,PASS,4156
servicing-areas/thattimanapalli-catering.html,servicing-areas/vellore-west-catering.html,18.69,81.31,PASS,4205
servicing-areas/kalmelkuppam-catering.html,servicing-areas/kuppambattu-catering.html,18.67,81.33,PASS,4194
servicing-areas/virupakshipuram-catering.html,servicing-areas/officers-line-catering.html,18.6,81.4,PASS,4171
servicing-areas/kilkuppam-catering.html,servicing-areas/lalapet-catering.html,18.58,81.42,PASS,4171
servicing-areas/aminjikarai-catering.html,servicing-areas/kothamarikuppam-catering.html,18.52,81.48,PASS,4147
servicing-areas/thalanur-catering.html,servicing-areas/thiruparkadal-catering.html,18.4,81.6,PASS,4151
servicing-areas/sakkaramallur-catering.html,servicing-areas/alanganeri-catering.html,18.31,81.69,PASS,4136
servicing-areas/chennai-bangalore-highway-catering.html,servicing-areas/walajapet-town-catering.html,18.01,81.99,PASS,4529
index.html,menus.html,17.64,82.36,PASS,2052
menus.html,index.html,17.64,82.36,PASS,1427
guides/blogs/catering-service-staff-timing-guide-for-mixed-menus-around-kalavai.html,guides/blogs/catering-service-staff-food-counter-guide-practical-decisions-for-mixed-menus.html,17.41,82.59,PASS,3015
guides/blogs/catering-service-staff-checklist-for-family-preferences-around-ponnai.html,guides/blogs/catering-service-staff-planning-guide-practical-decisions-for-family-preferences.html,17.08,82.92,PASS,2911
guides/index.html,guides/guest-count-food-planning.html,15.01,84.99,PASS,1006
services/index.html,services/other-caterings-in-vellore.html,14.68,85.32,PASS,1068
services/other-caterings-in-vellore.html,services/index.html,14.68,85.32,PASS,1370
credits.html,gallery.html,14.34,85.66,PASS,839
gallery.html,credits.html,14.34,85.66,PASS,226
guides/blogs/index.html,guides/blogs/catering-budget-planning-mistakes-to-avoid-practical-decisions-for-service-timing.html,13.12,86.88,PASS,21613
about.html,index.html,10.3,89.7,PASS,325
contact.html,menus.html,8.49,91.51,PASS,198
servicing-areas/index.html,guides/blogs/kerala-catering-in-vellore-venue-coordination-guide-for-family-preferences.html,7.27,92.73,PASS,2410
privacy.html,terms.html,4.78,95.22,PASS,285
terms.html,privacy.html,4.78,95.22,PASS,139
404.html,servicing-areas/adukkamparai-junction-catering.html,3.15,96.85,PASS,33
