No,Blog Title,Category,Focus,URL
1,Wedding Catering in Vellore: Planning Guide for Menu Balance,Wedding & Marriage,menu balance,guides/blogs/wedding-catering-in-vellore-planning-guide-for-menu-balance.html
2,Reception Catering in Vellore: Menu Guide for Food Quantity Planning,Wedding & Marriage,food quantity planning,guides/blogs/reception-catering-in-vellore-menu-guide-for-food-quantity-planning.html
3,Engagement Catering in Vellore: Guest-Count Guide for Buffet Flow,Wedding & Marriage,buffet flow,guides/blogs/engagement-catering-in-vellore-guest-count-guide-for-buffet-flow.html
4,Nichayathartham Catering in Vellore: Service Guide for Venue Logistics,Wedding & Marriage,venue logistics,guides/blogs/nichayathartham-catering-in-vellore-service-guide-for-venue-logistics.html
5,Mehendi Catering in Vellore: Checklist for Summer Events,Wedding & Marriage,summer events,guides/blogs/mehendi-catering-in-vellore-checklist-for-summer-events.html
6,Sangeet Catering in Vellore: Mistakes to Avoid for Small Gatherings,Wedding & Marriage,small gatherings,guides/blogs/sangeet-catering-in-vellore-mistakes-to-avoid-for-small-gatherings.html
7,Haldi Catering in Vellore: Food Counter Guide for Dessert Planning,Wedding & Marriage,dessert planning,guides/blogs/haldi-catering-in-vellore-food-counter-guide-for-dessert-planning.html
8,Bridal Shower Catering in Vellore: Budget Planning Guide for Guest Comfort,Wedding & Marriage,guest comfort,guides/blogs/bridal-shower-catering-in-vellore-budget-planning-guide-for-guest-comfort.html
9,Groom/Bridal Welcome Catering in Vellore: Timing Guide for Live Counters,Wedding & Marriage,live counters,guides/blogs/groom-bridal-welcome-catering-in-vellore-timing-guide-for-live-counters.html
10,Marriage Hall Catering in Vellore: Venue Coordination Guide for Family Preferences,Wedding & Marriage,family preferences,guides/blogs/marriage-hall-catering-in-vellore-venue-coordination-guide-for-family-preferences.html
11,Destination Wedding Catering in Vellore: Planning Guide for Morning Functions,Wedding & Marriage,morning functions,guides/blogs/destination-wedding-catering-in-vellore-planning-guide-for-morning-functions.html
12,Pre-Wedding Function Catering in Vellore: Menu Guide for Monsoon Planning,Wedding & Marriage,monsoon planning,guides/blogs/pre-wedding-function-catering-in-vellore-menu-guide-for-monsoon-planning.html
13,Post-Wedding Catering in Vellore: Guest-Count Guide for Vegetarian Menus,Wedding & Marriage,vegetarian menus,guides/blogs/post-wedding-catering-in-vellore-guest-count-guide-for-vegetarian-menus.html
14,Seemandham Catering in Vellore: Service Guide for Beverage Planning,Religious & Traditional,beverage planning,guides/blogs/seemandham-catering-in-vellore-service-guide-for-beverage-planning.html
15,Valaikappu Catering in Vellore: Checklist for Service Timing,Religious & Traditional,service timing,guides/blogs/valaikappu-catering-in-vellore-checklist-for-service-timing.html
16,Punyavachanam Catering in Vellore: Mistakes to Avoid for Traditional Service,Religious & Traditional,traditional service,guides/blogs/punyavachanam-catering-in-vellore-mistakes-to-avoid-for-traditional-service.html
17,Naming Ceremony Catering in Vellore: Food Counter Guide for Dietary Requests,Religious & Traditional,dietary requests,guides/blogs/naming-ceremony-catering-in-vellore-food-counter-guide-for-dietary-requests.html
18,Annaprasana Catering in Vellore: Budget Planning Guide for Evening Functions,Religious & Traditional,evening functions,guides/blogs/annaprasana-catering-in-vellore-budget-planning-guide-for-evening-functions.html
19,Ayush Homam Catering in Vellore: Timing Guide for Large Guest Counts,Religious & Traditional,large guest counts,guides/blogs/ayush-homam-catering-in-vellore-timing-guide-for-large-guest-counts.html
20,Sashtiapthapoorthi Catering in Vellore: Venue Coordination Guide for Mixed Menus,Religious & Traditional,mixed menus,guides/blogs/sashtiapthapoorthi-catering-in-vellore-venue-coordination-guide-for-mixed-menus.html
21,Sathabhishekam Catering in Vellore: Planning Guide for Menu Balance,Religious & Traditional,menu balance,guides/blogs/sathabhishekam-catering-in-vellore-planning-guide-for-menu-balance.html
22,Upanayanam Catering in Vellore: Menu Guide for Food Quantity Planning,Religious & Traditional,food quantity planning,guides/blogs/upanayanam-catering-in-vellore-menu-guide-for-food-quantity-planning.html
23,Gruhapravesam Catering in Vellore: Guest-Count Guide for Buffet Flow,Religious & Traditional,buffet flow,guides/blogs/gruhapravesam-catering-in-vellore-guest-count-guide-for-buffet-flow.html
24,Pooja Catering in Vellore: Service Guide for Venue Logistics,Religious & Traditional,venue logistics,guides/blogs/pooja-catering-in-vellore-service-guide-for-venue-logistics.html
25,Homam/Havan Catering in Vellore: Checklist for Summer Events,Religious & Traditional,summer events,guides/blogs/homam-havan-catering-in-vellore-checklist-for-summer-events.html
26,Temple Function Catering in Vellore: Mistakes to Avoid for Small Gatherings,Religious & Traditional,small gatherings,guides/blogs/temple-function-catering-in-vellore-mistakes-to-avoid-for-small-gatherings.html
27,Kumbabhishekam Catering in Vellore: Food Counter Guide for Dessert Planning,Religious & Traditional,dessert planning,guides/blogs/kumbabhishekam-catering-in-vellore-food-counter-guide-for-dessert-planning.html
28,Prasadam Catering in Vellore: Budget Planning Guide for Guest Comfort,Religious & Traditional,guest comfort,guides/blogs/prasadam-catering-in-vellore-budget-planning-guide-for-guest-comfort.html
29,Annadhanam Catering in Vellore: Timing Guide for Live Counters,Religious & Traditional,live counters,guides/blogs/annadhanam-catering-in-vellore-timing-guide-for-live-counters.html
30,Vratham Catering in Vellore: Venue Coordination Guide for Family Preferences,Religious & Traditional,family preferences,guides/blogs/vratham-catering-in-vellore-venue-coordination-guide-for-family-preferences.html
31,Shradh/Annual Ceremony Catering in Vellore: Planning Guide for Morning Functions,Religious & Traditional,morning functions,guides/blogs/shradh-annual-ceremony-catering-in-vellore-planning-guide-for-morning-functions.html
32,Obsequies/Funeral Catering in Vellore: Menu Guide for Monsoon Planning,Religious & Traditional,monsoon planning,guides/blogs/obsequies-funeral-catering-in-vellore-menu-guide-for-monsoon-planning.html
33,Birthday Party Catering in Vellore: Guest-Count Guide for Vegetarian Menus,Birthday & Family,vegetarian menus,guides/blogs/birthday-party-catering-in-vellore-guest-count-guide-for-vegetarian-menus.html
34,First Birthday Catering in Vellore: Service Guide for Beverage Planning,Birthday & Family,beverage planning,guides/blogs/first-birthday-catering-in-vellore-service-guide-for-beverage-planning.html
35,Kids Party Catering in Vellore: Checklist for Service Timing,Birthday & Family,service timing,guides/blogs/kids-party-catering-in-vellore-checklist-for-service-timing.html
36,Milestone Birthday Catering in Vellore: Mistakes to Avoid for Traditional Service,Birthday & Family,traditional service,guides/blogs/milestone-birthday-catering-in-vellore-mistakes-to-avoid-for-traditional-service.html
37,Surprise Party Catering in Vellore: Food Counter Guide for Dietary Requests,Birthday & Family,dietary requests,guides/blogs/surprise-party-catering-in-vellore-food-counter-guide-for-dietary-requests.html
38,Anniversary Catering in Vellore: Budget Planning Guide for Evening Functions,Birthday & Family,evening functions,guides/blogs/anniversary-catering-in-vellore-budget-planning-guide-for-evening-functions.html
39,Family Get-Together Catering in Vellore: Timing Guide for Large Guest Counts,Birthday & Family,large guest counts,guides/blogs/family-get-together-catering-in-vellore-timing-guide-for-large-guest-counts.html
40,House Party Catering in Vellore: Venue Coordination Guide for Mixed Menus,Birthday & Family,mixed menus,guides/blogs/house-party-catering-in-vellore-venue-coordination-guide-for-mixed-menus.html
41,Baby Shower Catering in Vellore: Planning Guide for Menu Balance,Birthday & Family,menu balance,guides/blogs/baby-shower-catering-in-vellore-planning-guide-for-menu-balance.html
42,Cradle Ceremony Catering in Vellore: Menu Guide for Food Quantity Planning,Birthday & Family,food quantity planning,guides/blogs/cradle-ceremony-catering-in-vellore-menu-guide-for-food-quantity-planning.html
43,Corporate Catering in Vellore: Guest-Count Guide for Buffet Flow,Corporate & Business,buffet flow,guides/blogs/corporate-catering-in-vellore-guest-count-guide-for-buffet-flow.html
44,Office Lunch Catering in Vellore: Service Guide for Venue Logistics,Corporate & Business,venue logistics,guides/blogs/office-lunch-catering-in-vellore-service-guide-for-venue-logistics.html
45,Corporate Breakfast Catering in Vellore: Checklist for Summer Events,Corporate & Business,summer events,guides/blogs/corporate-breakfast-catering-in-vellore-checklist-for-summer-events.html
46,Corporate Dinner Catering in Vellore: Mistakes to Avoid for Small Gatherings,Corporate & Business,small gatherings,guides/blogs/corporate-dinner-catering-in-vellore-mistakes-to-avoid-for-small-gatherings.html
47,Corporate Buffet Catering in Vellore: Food Counter Guide for Dessert Planning,Corporate & Business,dessert planning,guides/blogs/corporate-buffet-catering-in-vellore-food-counter-guide-for-dessert-planning.html
48,Business Meeting Catering in Vellore: Budget Planning Guide for Guest Comfort,Corporate & Business,guest comfort,guides/blogs/business-meeting-catering-in-vellore-budget-planning-guide-for-guest-comfort.html
49,Conference Catering in Vellore: Timing Guide for Live Counters,Corporate & Business,live counters,guides/blogs/conference-catering-in-vellore-timing-guide-for-live-counters.html
50,Seminar Catering in Vellore: Venue Coordination Guide for Family Preferences,Corporate & Business,family preferences,guides/blogs/seminar-catering-in-vellore-venue-coordination-guide-for-family-preferences.html
51,Workshop Catering in Vellore: Planning Guide for Morning Functions,Corporate & Business,morning functions,guides/blogs/workshop-catering-in-vellore-planning-guide-for-morning-functions.html
52,Training Program Catering in Vellore: Menu Guide for Monsoon Planning,Corporate & Business,monsoon planning,guides/blogs/training-program-catering-in-vellore-menu-guide-for-monsoon-planning.html
53,Product Launch Catering in Vellore: Guest-Count Guide for Vegetarian Menus,Corporate & Business,vegetarian menus,guides/blogs/product-launch-catering-in-vellore-guest-count-guide-for-vegetarian-menus.html
54,Dealer Meet Catering in Vellore: Service Guide for Beverage Planning,Corporate & Business,beverage planning,guides/blogs/dealer-meet-catering-in-vellore-service-guide-for-beverage-planning.html
55,Annual Day Catering in Vellore: Checklist for Service Timing,Corporate & Business,service timing,guides/blogs/annual-day-catering-in-vellore-checklist-for-service-timing.html
56,AGM Catering in Vellore: Mistakes to Avoid for Traditional Service,Corporate & Business,traditional service,guides/blogs/agm-catering-in-vellore-mistakes-to-avoid-for-traditional-service.html
57,Award Function Catering in Vellore: Food Counter Guide for Dietary Requests,Corporate & Business,dietary requests,guides/blogs/award-function-catering-in-vellore-food-counter-guide-for-dietary-requests.html
58,Team Outing Catering in Vellore: Budget Planning Guide for Evening Functions,Corporate & Business,evening functions,guides/blogs/team-outing-catering-in-vellore-budget-planning-guide-for-evening-functions.html
59,Employee Meal Catering in Vellore: Timing Guide for Large Guest Counts,Corporate & Business,large guest counts,guides/blogs/employee-meal-catering-in-vellore-timing-guide-for-large-guest-counts.html
60,Industrial Canteen Catering in Vellore: Venue Coordination Guide for Mixed Menus,Corporate & Business,mixed menus,guides/blogs/industrial-canteen-catering-in-vellore-venue-coordination-guide-for-mixed-menus.html
61,Contract Catering in Vellore: Planning Guide for Menu Balance,Corporate & Business,menu balance,guides/blogs/contract-catering-in-vellore-planning-guide-for-menu-balance.html
62,Corporate Pantry Catering in Vellore: Menu Guide for Food Quantity Planning,Corporate & Business,food quantity planning,guides/blogs/corporate-pantry-catering-in-vellore-menu-guide-for-food-quantity-planning.html
63,School Catering in Vellore: Guest-Count Guide for Buffet Flow,Education,buffet flow,guides/blogs/school-catering-in-vellore-guest-count-guide-for-buffet-flow.html
64,College Catering in Vellore: Service Guide for Venue Logistics,Education,venue logistics,guides/blogs/college-catering-in-vellore-service-guide-for-venue-logistics.html
65,University Catering in Vellore: Checklist for Summer Events,Education,summer events,guides/blogs/university-catering-in-vellore-checklist-for-summer-events.html
66,Student Hostel Catering in Vellore: Mistakes to Avoid for Small Gatherings,Education,small gatherings,guides/blogs/student-hostel-catering-in-vellore-mistakes-to-avoid-for-small-gatherings.html
67,School Annual Day Catering in Vellore: Food Counter Guide for Dessert Planning,Education,dessert planning,guides/blogs/school-annual-day-catering-in-vellore-food-counter-guide-for-dessert-planning.html
68,College Fest Catering in Vellore: Budget Planning Guide for Guest Comfort,Education,guest comfort,guides/blogs/college-fest-catering-in-vellore-budget-planning-guide-for-guest-comfort.html
69,Convocation Catering in Vellore: Timing Guide for Live Counters,Education,live counters,guides/blogs/convocation-catering-in-vellore-timing-guide-for-live-counters.html
70,School/College Sports Day Catering in Vellore: Venue Coordination Guide for Family Preferences,Education,family preferences,guides/blogs/school-college-sports-day-catering-in-vellore-venue-coordination-guide-for-family-preferences.html
71,Parent-Teacher Meeting Catering in Vellore: Planning Guide for Morning Functions,Education,morning functions,guides/blogs/parent-teacher-meeting-catering-in-vellore-planning-guide-for-morning-functions.html
72,Event Catering in Vellore: Menu Guide for Monsoon Planning,Events & Entertainment,monsoon planning,guides/blogs/event-catering-in-vellore-menu-guide-for-monsoon-planning.html
73,Exhibition Catering in Vellore: Guest-Count Guide for Vegetarian Menus,Events & Entertainment,vegetarian menus,guides/blogs/exhibition-catering-in-vellore-guest-count-guide-for-vegetarian-menus.html
74,Trade Show Catering in Vellore: Service Guide for Beverage Planning,Events & Entertainment,beverage planning,guides/blogs/trade-show-catering-in-vellore-service-guide-for-beverage-planning.html
75,Festival Catering in Vellore: Checklist for Service Timing,Events & Entertainment,service timing,guides/blogs/festival-catering-in-vellore-checklist-for-service-timing.html
76,Concert Catering in Vellore: Mistakes to Avoid for Traditional Service,Events & Entertainment,traditional service,guides/blogs/concert-catering-in-vellore-mistakes-to-avoid-for-traditional-service.html
77,Award Show Catering in Vellore: Food Counter Guide for Dietary Requests,Events & Entertainment,dietary requests,guides/blogs/award-show-catering-in-vellore-food-counter-guide-for-dietary-requests.html
78,Fashion Show Catering in Vellore: Budget Planning Guide for Evening Functions,Events & Entertainment,evening functions,guides/blogs/fashion-show-catering-in-vellore-budget-planning-guide-for-evening-functions.html
79,Film/TV Shoot Catering in Vellore: Timing Guide for Large Guest Counts,Events & Entertainment,large guest counts,guides/blogs/film-tv-shoot-catering-in-vellore-timing-guide-for-large-guest-counts.html
80,Backstage Catering in Vellore: Venue Coordination Guide for Mixed Menus,Events & Entertainment,mixed menus,guides/blogs/backstage-catering-in-vellore-venue-coordination-guide-for-mixed-menus.html
81,VIP Catering in Vellore: Planning Guide for Menu Balance,Events & Entertainment,menu balance,guides/blogs/vip-catering-in-vellore-planning-guide-for-menu-balance.html
82,Celebrity Event Catering in Vellore: Menu Guide for Food Quantity Planning,Events & Entertainment,food quantity planning,guides/blogs/celebrity-event-catering-in-vellore-menu-guide-for-food-quantity-planning.html
83,Press Meet Catering in Vellore: Guest-Count Guide for Buffet Flow,Events & Entertainment,buffet flow,guides/blogs/press-meet-catering-in-vellore-guest-count-guide-for-buffet-flow.html
84,Political/Event Hospitality Catering in Vellore: Service Guide for Venue Logistics,Events & Entertainment,venue logistics,guides/blogs/political-event-hospitality-catering-in-vellore-service-guide-for-venue-logistics.html
85,Sports Event Catering in Vellore: Checklist for Summer Events,Events & Entertainment,summer events,guides/blogs/sports-event-catering-in-vellore-checklist-for-summer-events.html
86,Stadium/Event Venue Catering in Vellore: Mistakes to Avoid for Small Gatherings,Events & Entertainment,small gatherings,guides/blogs/stadium-event-venue-catering-in-vellore-mistakes-to-avoid-for-small-gatherings.html
87,Community Function Catering in Vellore: Food Counter Guide for Dessert Planning,Social & Community,dessert planning,guides/blogs/community-function-catering-in-vellore-food-counter-guide-for-dessert-planning.html
88,Apartment Association Catering in Vellore: Budget Planning Guide for Guest Comfort,Social & Community,guest comfort,guides/blogs/apartment-association-catering-in-vellore-budget-planning-guide-for-guest-comfort.html
89,Residents Association Catering in Vellore: Timing Guide for Live Counters,Social & Community,live counters,guides/blogs/residents-association-catering-in-vellore-timing-guide-for-live-counters.html
90,Club Function Catering in Vellore: Venue Coordination Guide for Family Preferences,Social & Community,family preferences,guides/blogs/club-function-catering-in-vellore-venue-coordination-guide-for-family-preferences.html
91,NGO Event Catering in Vellore: Planning Guide for Morning Functions,Social & Community,morning functions,guides/blogs/ngo-event-catering-in-vellore-planning-guide-for-morning-functions.html
92,Charity Event Catering in Vellore: Menu Guide for Monsoon Planning,Social & Community,monsoon planning,guides/blogs/charity-event-catering-in-vellore-menu-guide-for-monsoon-planning.html
93,Fundraiser Catering in Vellore: Guest-Count Guide for Vegetarian Menus,Social & Community,vegetarian menus,guides/blogs/fundraiser-catering-in-vellore-guest-count-guide-for-vegetarian-menus.html
94,Political Meeting Catering in Vellore: Service Guide for Beverage Planning,Social & Community,beverage planning,guides/blogs/political-meeting-catering-in-vellore-service-guide-for-beverage-planning.html
95,Public Function Catering in Vellore: Checklist for Service Timing,Social & Community,service timing,guides/blogs/public-function-catering-in-vellore-checklist-for-service-timing.html
96,Government Function Catering in Vellore: Mistakes to Avoid for Traditional Service,Social & Community,traditional service,guides/blogs/government-function-catering-in-vellore-mistakes-to-avoid-for-traditional-service.html
97,Hospital Catering in Vellore: Food Counter Guide for Dietary Requests,Healthcare & Institutional,dietary requests,guides/blogs/hospital-catering-in-vellore-food-counter-guide-for-dietary-requests.html
98,Patient Meal Catering in Vellore: Budget Planning Guide for Evening Functions,Healthcare & Institutional,evening functions,guides/blogs/patient-meal-catering-in-vellore-budget-planning-guide-for-evening-functions.html
99,Hospital Staff Catering in Vellore: Timing Guide for Large Guest Counts,Healthcare & Institutional,large guest counts,guides/blogs/hospital-staff-catering-in-vellore-timing-guide-for-large-guest-counts.html
100,Healthcare Conference Catering in Vellore: Venue Coordination Guide for Mixed Menus,Healthcare & Institutional,mixed menus,guides/blogs/healthcare-conference-catering-in-vellore-venue-coordination-guide-for-mixed-menus.html
101,Retirement Home Catering in Vellore: Planning Guide for Menu Balance,Healthcare & Institutional,menu balance,guides/blogs/retirement-home-catering-in-vellore-planning-guide-for-menu-balance.html
102,Hostel Catering in Vellore: Menu Guide for Food Quantity Planning,Healthcare & Institutional,food quantity planning,guides/blogs/hostel-catering-in-vellore-menu-guide-for-food-quantity-planning.html
103,Institutional Catering in Vellore: Guest-Count Guide for Buffet Flow,Healthcare & Institutional,buffet flow,guides/blogs/institutional-catering-in-vellore-guest-count-guide-for-buffet-flow.html
104,Diwali Catering in Vellore: Service Guide for Venue Logistics,Religious Festivals & Seasonal,venue logistics,guides/blogs/diwali-catering-in-vellore-service-guide-for-venue-logistics.html
105,Pongal Catering in Vellore: Checklist for Summer Events,Religious Festivals & Seasonal,summer events,guides/blogs/pongal-catering-in-vellore-checklist-for-summer-events.html
106,Tamil New Year Catering in Vellore: Mistakes to Avoid for Small Gatherings,Religious Festivals & Seasonal,small gatherings,guides/blogs/tamil-new-year-catering-in-vellore-mistakes-to-avoid-for-small-gatherings.html
107,Christmas Catering in Vellore: Food Counter Guide for Dessert Planning,Religious Festivals & Seasonal,dessert planning,guides/blogs/christmas-catering-in-vellore-food-counter-guide-for-dessert-planning.html
108,Eid Catering in Vellore: Budget Planning Guide for Guest Comfort,Religious Festivals & Seasonal,guest comfort,guides/blogs/eid-catering-in-vellore-budget-planning-guide-for-guest-comfort.html
109,Ramadan/Iftar Catering in Vellore: Timing Guide for Live Counters,Religious Festivals & Seasonal,live counters,guides/blogs/ramadan-iftar-catering-in-vellore-timing-guide-for-live-counters.html
110,Onam Catering in Vellore: Venue Coordination Guide for Family Preferences,Religious Festivals & Seasonal,family preferences,guides/blogs/onam-catering-in-vellore-venue-coordination-guide-for-family-preferences.html
111,Navratri Catering in Vellore: Planning Guide for Morning Functions,Religious Festivals & Seasonal,morning functions,guides/blogs/navratri-catering-in-vellore-planning-guide-for-morning-functions.html
112,Ganesh Chaturthi Catering in Vellore: Menu Guide for Monsoon Planning,Religious Festivals & Seasonal,monsoon planning,guides/blogs/ganesh-chaturthi-catering-in-vellore-menu-guide-for-monsoon-planning.html
113,Krishna Jayanthi Catering in Vellore: Guest-Count Guide for Vegetarian Menus,Religious Festivals & Seasonal,vegetarian menus,guides/blogs/krishna-jayanthi-catering-in-vellore-guest-count-guide-for-vegetarian-menus.html
114,Ayudha Pooja Catering in Vellore: Service Guide for Beverage Planning,Religious Festivals & Seasonal,beverage planning,guides/blogs/ayudha-pooja-catering-in-vellore-service-guide-for-beverage-planning.html
115,Saraswati Pooja Catering in Vellore: Checklist for Service Timing,Religious Festivals & Seasonal,service timing,guides/blogs/saraswati-pooja-catering-in-vellore-checklist-for-service-timing.html
116,Ram Navami Catering in Vellore: Mistakes to Avoid for Traditional Service,Religious Festivals & Seasonal,traditional service,guides/blogs/ram-navami-catering-in-vellore-mistakes-to-avoid-for-traditional-service.html
117,Janmashtami Catering in Vellore: Food Counter Guide for Dietary Requests,Religious Festivals & Seasonal,dietary requests,guides/blogs/janmashtami-catering-in-vellore-food-counter-guide-for-dietary-requests.html
118,Buffet Catering in Vellore: Budget Planning Guide for Evening Functions,Food Service Formats,evening functions,guides/blogs/buffet-catering-in-vellore-budget-planning-guide-for-evening-functions.html
119,Banana Leaf Catering in Vellore: Timing Guide for Large Guest Counts,Food Service Formats,large guest counts,guides/blogs/banana-leaf-catering-in-vellore-timing-guide-for-large-guest-counts.html
120,Plated Catering in Vellore: Venue Coordination Guide for Mixed Menus,Food Service Formats,mixed menus,guides/blogs/plated-catering-in-vellore-venue-coordination-guide-for-mixed-menus.html
121,Sit-Down Catering in Vellore: Planning Guide for Menu Balance,Food Service Formats,menu balance,guides/blogs/sit-down-catering-in-vellore-planning-guide-for-menu-balance.html
122,Full-Service Catering in Vellore: Menu Guide for Food Quantity Planning,Food Service Formats,food quantity planning,guides/blogs/full-service-catering-in-vellore-menu-guide-for-food-quantity-planning.html
123,Drop-Off Catering in Vellore: Guest-Count Guide for Buffet Flow,Food Service Formats,buffet flow,guides/blogs/drop-off-catering-in-vellore-guest-count-guide-for-buffet-flow.html
124,Delivery Catering in Vellore: Service Guide for Venue Logistics,Food Service Formats,venue logistics,guides/blogs/delivery-catering-in-vellore-service-guide-for-venue-logistics.html
125,Live Counter Catering in Vellore: Checklist for Summer Events,Food Service Formats,summer events,guides/blogs/live-counter-catering-in-vellore-checklist-for-summer-events.html
126,Food Stall Catering in Vellore: Mistakes to Avoid for Small Gatherings,Food Service Formats,small gatherings,guides/blogs/food-stall-catering-in-vellore-mistakes-to-avoid-for-small-gatherings.html
127,Food Truck Catering in Vellore: Food Counter Guide for Dessert Planning,Food Service Formats,dessert planning,guides/blogs/food-truck-catering-in-vellore-food-counter-guide-for-dessert-planning.html
128,Outdoor Catering in Vellore: Budget Planning Guide for Guest Comfort,Food Service Formats,guest comfort,guides/blogs/outdoor-catering-in-vellore-budget-planning-guide-for-guest-comfort.html
129,Indoor Catering in Vellore: Timing Guide for Live Counters,Food Service Formats,live counters,guides/blogs/indoor-catering-in-vellore-timing-guide-for-live-counters.html
130,On-Site Cooking Catering in Vellore: Venue Coordination Guide for Family Preferences,Food Service Formats,family preferences,guides/blogs/on-site-cooking-catering-in-vellore-venue-coordination-guide-for-family-preferences.html
131,Central Kitchen Catering in Vellore: Planning Guide for Morning Functions,Food Service Formats,morning functions,guides/blogs/central-kitchen-catering-in-vellore-planning-guide-for-morning-functions.html
132,Bulk Catering in Vellore: Menu Guide for Monsoon Planning,Food Service Formats,monsoon planning,guides/blogs/bulk-catering-in-vellore-menu-guide-for-monsoon-planning.html
133,Mass Catering in Vellore: Guest-Count Guide for Vegetarian Menus,Food Service Formats,vegetarian menus,guides/blogs/mass-catering-in-vellore-guest-count-guide-for-vegetarian-menus.html
134,Packaged Meal Catering in Vellore: Service Guide for Beverage Planning,Food Service Formats,beverage planning,guides/blogs/packaged-meal-catering-in-vellore-service-guide-for-beverage-planning.html
135,Box Meal Catering in Vellore: Checklist for Service Timing,Food Service Formats,service timing,guides/blogs/box-meal-catering-in-vellore-checklist-for-service-timing.html
136,Thali Catering in Vellore: Mistakes to Avoid for Traditional Service,Food Service Formats,traditional service,guides/blogs/thali-catering-in-vellore-mistakes-to-avoid-for-traditional-service.html
137,Mini Meal Catering in Vellore: Food Counter Guide for Dietary Requests,Food Service Formats,dietary requests,guides/blogs/mini-meal-catering-in-vellore-food-counter-guide-for-dietary-requests.html
138,Tea & Snack Catering in Vellore: Budget Planning Guide for Evening Functions,Food Service Formats,evening functions,guides/blogs/tea-snack-catering-in-vellore-budget-planning-guide-for-evening-functions.html
139,High Tea Catering in Vellore: Timing Guide for Large Guest Counts,Food Service Formats,large guest counts,guides/blogs/high-tea-catering-in-vellore-timing-guide-for-large-guest-counts.html
140,Coffee Break Catering in Vellore: Venue Coordination Guide for Mixed Menus,Food Service Formats,mixed menus,guides/blogs/coffee-break-catering-in-vellore-venue-coordination-guide-for-mixed-menus.html
141,Cocktail/Canape Catering in Vellore: Planning Guide for Menu Balance,Food Service Formats,menu balance,guides/blogs/cocktail-canape-catering-in-vellore-planning-guide-for-menu-balance.html
142,Dessert Catering in Vellore: Menu Guide for Food Quantity Planning,Food Service Formats,food quantity planning,guides/blogs/dessert-catering-in-vellore-menu-guide-for-food-quantity-planning.html
143,Beverage Catering in Vellore: Guest-Count Guide for Buffet Flow,Food Service Formats,buffet flow,guides/blogs/beverage-catering-in-vellore-guest-count-guide-for-buffet-flow.html
144,South Indian Catering in Vellore: Service Guide for Venue Logistics,Cuisine-Based,venue logistics,guides/blogs/south-indian-catering-in-vellore-service-guide-for-venue-logistics.html
145,Tamil Cuisine Catering in Vellore: Checklist for Summer Events,Cuisine-Based,summer events,guides/blogs/tamil-cuisine-catering-in-vellore-checklist-for-summer-events.html
146,Chettinad Catering in Vellore: Mistakes to Avoid for Small Gatherings,Cuisine-Based,small gatherings,guides/blogs/chettinad-catering-in-vellore-mistakes-to-avoid-for-small-gatherings.html
147,Brahmin/Sattvic Catering in Vellore: Food Counter Guide for Dessert Planning,Cuisine-Based,dessert planning,guides/blogs/brahmin-sattvic-catering-in-vellore-food-counter-guide-for-dessert-planning.html
148,Andhra Catering in Vellore: Budget Planning Guide for Guest Comfort,Cuisine-Based,guest comfort,guides/blogs/andhra-catering-in-vellore-budget-planning-guide-for-guest-comfort.html
149,Telugu Catering in Vellore: Timing Guide for Live Counters,Cuisine-Based,live counters,guides/blogs/telugu-catering-in-vellore-timing-guide-for-live-counters.html
150,Kerala Catering in Vellore: Venue Coordination Guide for Family Preferences,Cuisine-Based,family preferences,guides/blogs/kerala-catering-in-vellore-venue-coordination-guide-for-family-preferences.html
151,Karnataka Catering in Vellore: Planning Guide for Morning Functions,Cuisine-Based,morning functions,guides/blogs/karnataka-catering-in-vellore-planning-guide-for-morning-functions.html
152,North Indian Catering in Vellore: Menu Guide for Monsoon Planning,Cuisine-Based,monsoon planning,guides/blogs/north-indian-catering-in-vellore-menu-guide-for-monsoon-planning.html
153,Punjabi Catering in Vellore: Guest-Count Guide for Vegetarian Menus,Cuisine-Based,vegetarian menus,guides/blogs/punjabi-catering-in-vellore-guest-count-guide-for-vegetarian-menus.html
154,Gujarati Catering in Vellore: Service Guide for Beverage Planning,Cuisine-Based,beverage planning,guides/blogs/gujarati-catering-in-vellore-service-guide-for-beverage-planning.html
155,Rajasthani Catering in Vellore: Checklist for Service Timing,Cuisine-Based,service timing,guides/blogs/rajasthani-catering-in-vellore-checklist-for-service-timing.html
156,Bengali Catering in Vellore: Mistakes to Avoid for Traditional Service,Cuisine-Based,traditional service,guides/blogs/bengali-catering-in-vellore-mistakes-to-avoid-for-traditional-service.html
157,Maharashtrian Catering in Vellore: Food Counter Guide for Dietary Requests,Cuisine-Based,dietary requests,guides/blogs/maharashtrian-catering-in-vellore-food-counter-guide-for-dietary-requests.html
158,Jain Catering in Vellore: Budget Planning Guide for Evening Functions,Cuisine-Based,evening functions,guides/blogs/jain-catering-in-vellore-budget-planning-guide-for-evening-functions.html
159,Vegetarian Catering in Vellore: Timing Guide for Large Guest Counts,Cuisine-Based,large guest counts,guides/blogs/vegetarian-catering-in-vellore-timing-guide-for-large-guest-counts.html
160,Pure Veg Catering in Vellore: Venue Coordination Guide for Mixed Menus,Cuisine-Based,mixed menus,guides/blogs/pure-veg-catering-in-vellore-venue-coordination-guide-for-mixed-menus.html
161,Non-Vegetarian Catering in Vellore: Planning Guide for Menu Balance,Cuisine-Based,menu balance,guides/blogs/non-vegetarian-catering-in-vellore-planning-guide-for-menu-balance.html
162,Multi-Cuisine Catering in Vellore: Menu Guide for Food Quantity Planning,Cuisine-Based,food quantity planning,guides/blogs/multi-cuisine-catering-in-vellore-menu-guide-for-food-quantity-planning.html
163,Continental Catering in Vellore: Guest-Count Guide for Buffet Flow,Cuisine-Based,buffet flow,guides/blogs/continental-catering-in-vellore-guest-count-guide-for-buffet-flow.html
164,Chinese/Indo-Chinese Catering in Vellore: Service Guide for Venue Logistics,Cuisine-Based,venue logistics,guides/blogs/chinese-indo-chinese-catering-in-vellore-service-guide-for-venue-logistics.html
165,Asian Catering in Vellore: Checklist for Summer Events,Cuisine-Based,summer events,guides/blogs/asian-catering-in-vellore-checklist-for-summer-events.html
166,Italian Catering in Vellore: Mistakes to Avoid for Small Gatherings,Cuisine-Based,small gatherings,guides/blogs/italian-catering-in-vellore-mistakes-to-avoid-for-small-gatherings.html
167,Mediterranean Catering in Vellore: Food Counter Guide for Dessert Planning,Cuisine-Based,dessert planning,guides/blogs/mediterranean-catering-in-vellore-food-counter-guide-for-dessert-planning.html
168,International Catering in Vellore: Budget Planning Guide for Guest Comfort,Cuisine-Based,guest comfort,guides/blogs/international-catering-in-vellore-budget-planning-guide-for-guest-comfort.html
169,Fusion Catering in Vellore: Timing Guide for Live Counters,Cuisine-Based,live counters,guides/blogs/fusion-catering-in-vellore-timing-guide-for-live-counters.html
170,Jain Food Catering in Vellore: Venue Coordination Guide for Family Preferences,Specialized & Dietary,family preferences,guides/blogs/jain-food-catering-in-vellore-venue-coordination-guide-for-family-preferences.html
171,Vegan Catering in Vellore: Planning Guide for Morning Functions,Specialized & Dietary,morning functions,guides/blogs/vegan-catering-in-vellore-planning-guide-for-morning-functions.html
172,Gluten-Free Catering in Vellore: Menu Guide for Monsoon Planning,Specialized & Dietary,monsoon planning,guides/blogs/gluten-free-catering-in-vellore-menu-guide-for-monsoon-planning.html
173,Allergy-Aware Catering in Vellore: Guest-Count Guide for Vegetarian Menus,Specialized & Dietary,vegetarian menus,guides/blogs/allergy-aware-catering-in-vellore-guest-count-guide-for-vegetarian-menus.html
174,Healthy Catering in Vellore: Service Guide for Beverage Planning,Specialized & Dietary,beverage planning,guides/blogs/healthy-catering-in-vellore-service-guide-for-beverage-planning.html
175,Diet Catering in Vellore: Checklist for Service Timing,Specialized & Dietary,service timing,guides/blogs/diet-catering-in-vellore-checklist-for-service-timing.html
176,Low-Calorie Catering in Vellore: Mistakes to Avoid for Traditional Service,Specialized & Dietary,traditional service,guides/blogs/low-calorie-catering-in-vellore-mistakes-to-avoid-for-traditional-service.html
177,Satvik Catering in Vellore: Food Counter Guide for Dietary Requests,Specialized & Dietary,dietary requests,guides/blogs/satvik-catering-in-vellore-food-counter-guide-for-dietary-requests.html
178,Ayurvedic Catering in Vellore: Budget Planning Guide for Evening Functions,Specialized & Dietary,evening functions,guides/blogs/ayurvedic-catering-in-vellore-budget-planning-guide-for-evening-functions.html
179,Kids Menu Catering in Vellore: Timing Guide for Large Guest Counts,Specialized & Dietary,large guest counts,guides/blogs/kids-menu-catering-in-vellore-timing-guide-for-large-guest-counts.html
180,Senior-Friendly Catering in Vellore: Venue Coordination Guide for Mixed Menus,Specialized & Dietary,mixed menus,guides/blogs/senior-friendly-catering-in-vellore-venue-coordination-guide-for-mixed-menus.html
181,Kosher Catering in Vellore: Planning Guide for Menu Balance,Specialized & Dietary,menu balance,guides/blogs/kosher-catering-in-vellore-planning-guide-for-menu-balance.html
182,Halal Catering in Vellore: Menu Guide for Food Quantity Planning,Specialized & Dietary,food quantity planning,guides/blogs/halal-catering-in-vellore-menu-guide-for-food-quantity-planning.html
183,Hotel Catering in Vellore: Guest-Count Guide for Buffet Flow,Travel & Venue,buffet flow,guides/blogs/hotel-catering-in-vellore-guest-count-guide-for-buffet-flow.html
184,Resort Catering in Vellore: Service Guide for Venue Logistics,Travel & Venue,venue logistics,guides/blogs/resort-catering-in-vellore-service-guide-for-venue-logistics.html
185,Banquet Catering in Vellore: Checklist for Summer Events,Travel & Venue,summer events,guides/blogs/banquet-catering-in-vellore-checklist-for-summer-events.html
186,Convention Centre Catering in Vellore: Mistakes to Avoid for Small Gatherings,Travel & Venue,small gatherings,guides/blogs/convention-centre-catering-in-vellore-mistakes-to-avoid-for-small-gatherings.html
187,Beach Wedding Catering in Vellore: Food Counter Guide for Dessert Planning,Travel & Venue,dessert planning,guides/blogs/beach-wedding-catering-in-vellore-food-counter-guide-for-dessert-planning.html
188,Farmhouse Catering in Vellore: Budget Planning Guide for Guest Comfort,Travel & Venue,guest comfort,guides/blogs/farmhouse-catering-in-vellore-budget-planning-guide-for-guest-comfort.html
189,Outdoor Venue Catering in Vellore: Timing Guide for Live Counters,Travel & Venue,live counters,guides/blogs/outdoor-venue-catering-in-vellore-timing-guide-for-live-counters.html
190,Destination Event Catering in Vellore: Venue Coordination Guide for Family Preferences,Travel & Venue,family preferences,guides/blogs/destination-event-catering-in-vellore-venue-coordination-guide-for-family-preferences.html
191,Travel Catering in Vellore: Planning Guide for Morning Functions,Travel & Venue,morning functions,guides/blogs/travel-catering-in-vellore-planning-guide-for-morning-functions.html
192,Airport/Travel Group Catering in Vellore: Menu Guide for Monsoon Planning,Travel & Venue,monsoon planning,guides/blogs/airport-travel-group-catering-in-vellore-menu-guide-for-monsoon-planning.html
193,Temple Wedding Catering in Vellore: Guest-Count Guide for Vegetarian Menus,Religious & Spiritual,vegetarian menus,guides/blogs/temple-wedding-catering-in-vellore-guest-count-guide-for-vegetarian-menus.html
194,Temple Festival Catering in Vellore: Service Guide for Beverage Planning,Religious & Spiritual,beverage planning,guides/blogs/temple-festival-catering-in-vellore-service-guide-for-beverage-planning.html
195,Mutts/Ashrams Catering in Vellore: Checklist for Service Timing,Religious & Spiritual,service timing,guides/blogs/mutts-ashrams-catering-in-vellore-checklist-for-service-timing.html
196,Spiritual Retreat Catering in Vellore: Mistakes to Avoid for Traditional Service,Religious & Spiritual,traditional service,guides/blogs/spiritual-retreat-catering-in-vellore-mistakes-to-avoid-for-traditional-service.html
197,Religious Conference Catering in Vellore: Food Counter Guide for Dietary Requests,Religious & Spiritual,dietary requests,guides/blogs/religious-conference-catering-in-vellore-food-counter-guide-for-dietary-requests.html
198,Community Feast Catering in Vellore: Budget Planning Guide for Evening Functions,Religious & Spiritual,evening functions,guides/blogs/community-feast-catering-in-vellore-budget-planning-guide-for-evening-functions.html
199,Restaurant Catering in Vellore: Timing Guide for Large Guest Counts,Retail & Commercial,large guest counts,guides/blogs/restaurant-catering-in-vellore-timing-guide-for-large-guest-counts.html
200,Café Catering in Vellore: Venue Coordination Guide for Mixed Menus,Retail & Commercial,mixed menus,guides/blogs/caf-catering-in-vellore-venue-coordination-guide-for-mixed-menus.html
201,Bakery Catering in Vellore: Planning Guide for Menu Balance,Retail & Commercial,menu balance,guides/blogs/bakery-catering-in-vellore-planning-guide-for-menu-balance.html
202,Sweet & Savoury Catering in Vellore: Menu Guide for Food Quantity Planning,Retail & Commercial,food quantity planning,guides/blogs/sweet-savoury-catering-in-vellore-menu-guide-for-food-quantity-planning.html
203,Meal Subscription Catering in Vellore: Guest-Count Guide for Buffet Flow,Retail & Commercial,buffet flow,guides/blogs/meal-subscription-catering-in-vellore-guest-count-guide-for-buffet-flow.html
204,Daily Meal Service in Vellore: Service Guide for Venue Logistics,Retail & Commercial,venue logistics,guides/blogs/daily-meal-service-in-vellore-service-guide-for-venue-logistics.html
205,Tiffin Catering in Vellore: Checklist for Summer Events,Retail & Commercial,summer events,guides/blogs/tiffin-catering-in-vellore-checklist-for-summer-events.html
206,Mess Catering in Vellore: Mistakes to Avoid for Small Gatherings,Retail & Commercial,small gatherings,guides/blogs/mess-catering-in-vellore-mistakes-to-avoid-for-small-gatherings.html
207,Cloud Kitchen Event Catering in Vellore: Food Counter Guide for Dessert Planning,Retail & Commercial,dessert planning,guides/blogs/cloud-kitchen-event-catering-in-vellore-food-counter-guide-for-dessert-planning.html
208,Housewarming Catering in Vellore: Budget Planning Guide for Guest Comfort,Special Occasions,guest comfort,guides/blogs/housewarming-catering-in-vellore-budget-planning-guide-for-guest-comfort.html
209,Retirement Party Catering in Vellore: Timing Guide for Live Counters,Special Occasions,live counters,guides/blogs/retirement-party-catering-in-vellore-timing-guide-for-live-counters.html
210,Farewell Party Catering in Vellore: Venue Coordination Guide for Family Preferences,Special Occasions,family preferences,guides/blogs/farewell-party-catering-in-vellore-venue-coordination-guide-for-family-preferences.html
211,Reunion Catering in Vellore: Planning Guide for Morning Functions,Special Occasions,morning functions,guides/blogs/reunion-catering-in-vellore-planning-guide-for-morning-functions.html
212,Graduation Party Catering in Vellore: Menu Guide for Monsoon Planning,Special Occasions,monsoon planning,guides/blogs/graduation-party-catering-in-vellore-menu-guide-for-monsoon-planning.html
213,Success Party Catering in Vellore: Guest-Count Guide for Vegetarian Menus,Special Occasions,vegetarian menus,guides/blogs/success-party-catering-in-vellore-guest-count-guide-for-vegetarian-menus.html
214,Promotion Party Catering in Vellore: Service Guide for Beverage Planning,Special Occasions,beverage planning,guides/blogs/promotion-party-catering-in-vellore-service-guide-for-beverage-planning.html
215,Baby Welcome Catering in Vellore: Checklist for Service Timing,Special Occasions,service timing,guides/blogs/baby-welcome-catering-in-vellore-checklist-for-service-timing.html
216,Naming Day Catering in Vellore: Mistakes to Avoid for Traditional Service,Special Occasions,traditional service,guides/blogs/naming-day-catering-in-vellore-mistakes-to-avoid-for-traditional-service.html
217,Milestone Celebration Catering in Vellore: Food Counter Guide for Dietary Requests,Special Occasions,dietary requests,guides/blogs/milestone-celebration-catering-in-vellore-food-counter-guide-for-dietary-requests.html
218,Memorial Catering in Vellore: Budget Planning Guide for Evening Functions,Special Occasions,evening functions,guides/blogs/memorial-catering-in-vellore-budget-planning-guide-for-evening-functions.html
219,Condolence Catering in Vellore: Timing Guide for Large Guest Counts,Special Occasions,large guest counts,guides/blogs/condolence-catering-in-vellore-timing-guide-for-large-guest-counts.html
220,Bereavement Meal Catering in Vellore: Venue Coordination Guide for Mixed Menus,Special Occasions,mixed menus,guides/blogs/bereavement-meal-catering-in-vellore-venue-coordination-guide-for-mixed-menus.html
221,Bachelor/Bachelorette Party Catering in Vellore: Planning Guide for Menu Balance,Special Occasions,menu balance,guides/blogs/bachelor-bachelorette-party-catering-in-vellore-planning-guide-for-menu-balance.html
222,Cocktail Party Catering in Vellore: Menu Guide for Food Quantity Planning,Special Occasions,food quantity planning,guides/blogs/cocktail-party-catering-in-vellore-menu-guide-for-food-quantity-planning.html
223,Pool Party Catering in Vellore: Guest-Count Guide for Buffet Flow,Special Occasions,buffet flow,guides/blogs/pool-party-catering-in-vellore-guest-count-guide-for-buffet-flow.html
224,Garden Party Catering in Vellore: Service Guide for Venue Logistics,Special Occasions,venue logistics,guides/blogs/garden-party-catering-in-vellore-service-guide-for-venue-logistics.html
225,Lawn Party Catering in Vellore: Checklist for Summer Events,Special Occasions,summer events,guides/blogs/lawn-party-catering-in-vellore-checklist-for-summer-events.html
226,New Year Party Catering in Vellore: Mistakes to Avoid for Small Gatherings,Special Occasions,small gatherings,guides/blogs/new-year-party-catering-in-vellore-mistakes-to-avoid-for-small-gatherings.html
227,Valentine's Day Catering in Vellore: Food Counter Guide for Dessert Planning,Special Occasions,dessert planning,guides/blogs/valentine-s-day-catering-in-vellore-food-counter-guide-for-dessert-planning.html
228,Mother's Day Catering in Vellore: Budget Planning Guide for Guest Comfort,Special Occasions,guest comfort,guides/blogs/mother-s-day-catering-in-vellore-budget-planning-guide-for-guest-comfort.html
229,Father's Day Catering in Vellore: Timing Guide for Live Counters,Special Occasions,live counters,guides/blogs/father-s-day-catering-in-vellore-timing-guide-for-live-counters.html
230,Women's Day Catering in Vellore: Venue Coordination Guide for Family Preferences,Special Occasions,family preferences,guides/blogs/women-s-day-catering-in-vellore-venue-coordination-guide-for-family-preferences.html
231,Children's Day Catering in Vellore: Planning Guide for Morning Functions,Special Occasions,morning functions,guides/blogs/children-s-day-catering-in-vellore-planning-guide-for-morning-functions.html
232,Friendship Day Catering in Vellore: Menu Guide for Monsoon Planning,Special Occasions,monsoon planning,guides/blogs/friendship-day-catering-in-vellore-menu-guide-for-monsoon-planning.html
233,Graduation/Convocation Catering in Vellore: Guest-Count Guide for Vegetarian Menus,Special Occasions,vegetarian menus,guides/blogs/graduation-convocation-catering-in-vellore-guest-count-guide-for-vegetarian-menus.html
234,Hindu Wedding catering in Vellore: Service Guide for Beverage Planning,Wedding & Marriage,beverage planning,guides/blogs/hindu-wedding-catering-in-vellore-service-guide-for-beverage-planning.html
235,Muslim Wedding Catering in Vellore: Checklist for Service Timing,Wedding & Marriage,service timing,guides/blogs/muslim-wedding-catering-in-vellore-checklist-for-service-timing.html
236,Christian Wedding Catering in Vellore: Mistakes to Avoid for Traditional Service,Wedding & Marriage,traditional service,guides/blogs/christian-wedding-catering-in-vellore-mistakes-to-avoid-for-traditional-service.html
237,Wedding Catering in Vellore: Menu Guide for Service Timing around Vellore,Cuisine-Based,service timing,guides/blogs/wedding-catering-in-vellore-menu-guide-for-service-timing-around-vellore.html
238,How to Improve Family Preferences for Birthday Catering in Vellore: Vellore Timing Guide,Religious & Spiritual,family preferences,guides/blogs/how-to-improve-family-preferences-for-birthday-catering-in-vellore-vellore-timing-guide.html
239,Seemandham Catering in Vellore Mistakes to Avoid: Practical Decisions for Summer Events,Food Service Formats,summer events,guides/blogs/seemandham-catering-in-vellore-mistakes-to-avoid-practical-decisions-for-summer-events.html
240,South Indian Wedding Menus: Guest-Count Guide for Mixed Menus around Alanganeri,Religious & Spiritual,mixed menus,guides/blogs/south-indian-wedding-menus-guest-count-guide-for-mixed-menus-around-alanganeri.html
241,How to Improve Service Timing for Tamil Vegetarian Catering: Vellore Venue Coordination Guide,Healthcare & Institutional,service timing,guides/blogs/how-to-improve-service-timing-for-tamil-vegetarian-catering-vellore-venue-coordination-guide.html
242,Non-Vegetarian Catering Food Counter Guide: Practical Decisions for Family Preferences,Corporate & Business,family preferences,guides/blogs/non-vegetarian-catering-food-counter-guide-practical-decisions-for-family-preferences.html
243,Banana Leaf Service: Service Guide for Summer Events around Thengal,Food Service Formats,summer events,guides/blogs/banana-leaf-service-service-guide-for-summer-events-around-thengal.html
244,How to Improve Mixed Menus for Buffet Catering: Vellore Planning Guide,Religious & Traditional,mixed menus,guides/blogs/how-to-improve-mixed-menus-for-buffet-catering-vellore-planning-guide.html
245,Live Food Counters Budget Planning Guide: Practical Decisions for Service Timing,Special Occasions,service timing,guides/blogs/live-food-counters-budget-planning-guide-practical-decisions-for-service-timing.html
246,Breakfast Catering: Checklist for Family Preferences around Bakiyath,Special Occasions,family preferences,guides/blogs/breakfast-catering-checklist-for-family-preferences-around-bakiyath.html
247,How to Improve Summer Events for Lunch Catering: Vellore Menu Guide,Birthday & Family,summer events,guides/blogs/how-to-improve-summer-events-for-lunch-catering-vellore-menu-guide.html
248,Reception Dinner Catering Timing Guide: Practical Decisions for Mixed Menus,Special Occasions,mixed menus,guides/blogs/reception-dinner-catering-timing-guide-practical-decisions-for-mixed-menus.html
249,Engagement Catering: Mistakes to Avoid for Service Timing around Nemili Junction,Wedding & Marriage,service timing,guides/blogs/engagement-catering-mistakes-to-avoid-for-service-timing-around-nemili-junction.html
250,How to Improve Family Preferences for Housewarming Catering: Vellore Guest-Count Guide,Healthcare & Institutional,family preferences,guides/blogs/how-to-improve-family-preferences-for-housewarming-catering-vellore-guest-count-guide.html
251,Corporate Catering Venue Coordination Guide: Practical Decisions for Summer Events,Religious & Traditional,summer events,guides/blogs/corporate-catering-venue-coordination-guide-practical-decisions-for-summer-events.html
252,School Event Catering: Food Counter Guide for Mixed Menus around Nemandapuram,Birthday & Family,mixed menus,guides/blogs/school-event-catering-food-counter-guide-for-mixed-menus-around-nemandapuram.html
253,How to Improve Service Timing for Temple Function Catering: Vellore Service Guide,Special Occasions,service timing,guides/blogs/how-to-improve-service-timing-for-temple-function-catering-vellore-service-guide.html
254,Annadhanam Catering Planning Guide: Practical Decisions for Family Preferences,Education,family preferences,guides/blogs/annadhanam-catering-planning-guide-practical-decisions-for-family-preferences.html
255,Biryani Catering: Budget Planning Guide for Summer Events around Thattaparai,Specialized & Dietary,summer events,guides/blogs/biryani-catering-budget-planning-guide-for-summer-events-around-thattaparai.html
256,How to Improve Mixed Menus for Dessert Counters: Vellore Checklist,Cuisine-Based,mixed menus,guides/blogs/how-to-improve-mixed-menus-for-dessert-counters-vellore-checklist.html
257,Filter Coffee Service Menu Guide: Practical Decisions for Service Timing,Social & Community,service timing,guides/blogs/filter-coffee-service-menu-guide-practical-decisions-for-service-timing.html
258,Guest Count Planning: Timing Guide for Family Preferences around Gandhi Nagar,Education,family preferences,guides/blogs/guest-count-planning-timing-guide-for-family-preferences-around-gandhi-nagar.html
259,How to Improve Summer Events for Catering Budget Planning: Vellore Mistakes to Avoid,Religious & Traditional,summer events,guides/blogs/how-to-improve-summer-events-for-catering-budget-planning-vellore-mistakes-to-avoid.html
260,Venue Coordination Guest-Count Guide: Practical Decisions for Mixed Menus,Events & Entertainment,mixed menus,guides/blogs/venue-coordination-guest-count-guide-practical-decisions-for-mixed-menus.html
261,Food Hygiene: Venue Coordination Guide for Service Timing around Vettavalam,Religious & Spiritual,service timing,guides/blogs/food-hygiene-venue-coordination-guide-for-service-timing-around-vettavalam.html
262,How to Improve Family Preferences for Catering Service Staff: Vellore Food Counter Guide,Healthcare & Institutional,family preferences,guides/blogs/how-to-improve-family-preferences-for-catering-service-staff-vellore-food-counter-guide.html
263,Wedding Catering in Vellore Service Guide: Practical Decisions for Summer Events,Birthday & Family,summer events,guides/blogs/wedding-catering-in-vellore-service-guide-practical-decisions-for-summer-events.html
264,Birthday Catering in Vellore: Planning Guide for Mixed Menus around Kaniyambadi R.F.,Social & Community,mixed menus,guides/blogs/birthday-catering-in-vellore-planning-guide-for-mixed-menus-around-kaniyambadi-r-f.html
265,How to Improve Service Timing for Seemandham Catering in Vellore: Vellore Budget Planning Guide,Food Service Formats,service timing,guides/blogs/how-to-improve-service-timing-for-seemandham-catering-in-vellore-vellore-budget-planning-guide.html
266,South Indian Wedding Menus Checklist: Practical Decisions for Family Preferences,Wedding & Marriage,family preferences,guides/blogs/south-indian-wedding-menus-checklist-practical-decisions-for-family-preferences.html
267,Tamil Vegetarian Catering: Menu Guide for Summer Events around Melshanankuppam,Corporate & Business,summer events,guides/blogs/tamil-vegetarian-catering-menu-guide-for-summer-events-around-melshanankuppam.html
268,How to Improve Mixed Menus for Non-Vegetarian Catering: Vellore Timing Guide,Specialized & Dietary,mixed menus,guides/blogs/how-to-improve-mixed-menus-for-non-vegetarian-catering-vellore-timing-guide.html
269,Banana Leaf Service Mistakes to Avoid: Practical Decisions for Service Timing,Events & Entertainment,service timing,guides/blogs/banana-leaf-service-mistakes-to-avoid-practical-decisions-for-service-timing.html
270,Buffet Catering: Guest-Count Guide for Family Preferences around Nemili,Corporate & Business,family preferences,guides/blogs/buffet-catering-guest-count-guide-for-family-preferences-around-nemili.html
271,How to Improve Summer Events for Live Food Counters: Vellore Venue Coordination Guide,Corporate & Business,summer events,guides/blogs/how-to-improve-summer-events-for-live-food-counters-vellore-venue-coordination-guide.html
272,Breakfast Catering Food Counter Guide: Practical Decisions for Mixed Menus,Religious & Traditional,mixed menus,guides/blogs/breakfast-catering-food-counter-guide-practical-decisions-for-mixed-menus.html
273,Lunch Catering: Service Guide for Service Timing around Sathiyamangalam Road,Food Service Formats,service timing,guides/blogs/lunch-catering-service-guide-for-service-timing-around-sathiyamangalam-road.html
274,How to Improve Family Preferences for Reception Dinner Catering: Vellore Planning Guide,Cuisine-Based,family preferences,guides/blogs/how-to-improve-family-preferences-for-reception-dinner-catering-vellore-planning-guide.html
275,Engagement Catering Budget Planning Guide: Practical Decisions for Summer Events,Birthday & Family,summer events,guides/blogs/engagement-catering-budget-planning-guide-practical-decisions-for-summer-events.html
276,Housewarming Catering: Checklist for Mixed Menus around Thiruvalam Junction,Food Service Formats,mixed menus,guides/blogs/housewarming-catering-checklist-for-mixed-menus-around-thiruvalam-junction.html
277,How to Improve Service Timing for Corporate Catering: Vellore Menu Guide,Wedding & Marriage,service timing,guides/blogs/how-to-improve-service-timing-for-corporate-catering-vellore-menu-guide.html
278,School Event Catering Timing Guide: Practical Decisions for Family Preferences,Corporate & Business,family preferences,guides/blogs/school-event-catering-timing-guide-practical-decisions-for-family-preferences.html
279,Temple Function Catering: Mistakes to Avoid for Summer Events around Karadikudi,Birthday & Family,summer events,guides/blogs/temple-function-catering-mistakes-to-avoid-for-summer-events-around-karadikudi.html
280,How to Improve Mixed Menus for Annadhanam Catering: Vellore Guest-Count Guide,Special Occasions,mixed menus,guides/blogs/how-to-improve-mixed-menus-for-annadhanam-catering-vellore-guest-count-guide.html
281,Biryani Catering Venue Coordination Guide: Practical Decisions for Service Timing,Special Occasions,service timing,guides/blogs/biryani-catering-venue-coordination-guide-practical-decisions-for-service-timing.html
282,Dessert Counters: Food Counter Guide for Family Preferences around Gudiyatham,Corporate & Business,family preferences,guides/blogs/dessert-counters-food-counter-guide-for-family-preferences-around-gudiyatham.html
283,How to Improve Summer Events for Filter Coffee Service: Vellore Service Guide,Cuisine-Based,summer events,guides/blogs/how-to-improve-summer-events-for-filter-coffee-service-vellore-service-guide.html
284,Guest Count Planning Planning Guide: Practical Decisions for Mixed Menus,Food Service Formats,mixed menus,guides/blogs/guest-count-planning-planning-guide-practical-decisions-for-mixed-menus.html
285,Catering Budget Planning: Budget Planning Guide for Service Timing around Chittoor Road,Specialized & Dietary,service timing,guides/blogs/catering-budget-planning-budget-planning-guide-for-service-timing-around-chittoor-road.html
286,How to Improve Family Preferences for Venue Coordination: Vellore Checklist,Events & Entertainment,family preferences,guides/blogs/how-to-improve-family-preferences-for-venue-coordination-vellore-checklist.html
287,Food Hygiene Menu Guide: Practical Decisions for Summer Events,Wedding & Marriage,summer events,guides/blogs/food-hygiene-menu-guide-practical-decisions-for-summer-events.html
288,Catering Service Staff: Timing Guide for Mixed Menus around Kalavai,Religious & Traditional,mixed menus,guides/blogs/catering-service-staff-timing-guide-for-mixed-menus-around-kalavai.html
289,How to Improve Service Timing for Wedding Catering in Vellore: Vellore Mistakes to Avoid,Cuisine-Based,service timing,guides/blogs/how-to-improve-service-timing-for-wedding-catering-in-vellore-vellore-mistakes-to-avoid.html
290,Birthday Catering in Vellore Guest-Count Guide: Practical Decisions for Family Preferences,Travel & Venue,family preferences,guides/blogs/birthday-catering-in-vellore-guest-count-guide-practical-decisions-for-family-preferences.html
291,Seemandham Catering in Vellore: Venue Coordination Guide for Summer Events around Madhanur Bus Stand,Religious & Traditional,summer events,guides/blogs/seemandham-catering-in-vellore-venue-coordination-guide-for-summer-events-around-madhanur-bus-stand.html
292,How to Improve Mixed Menus for South Indian Wedding Menus: Vellore Food Counter Guide,Religious & Traditional,mixed menus,guides/blogs/how-to-improve-mixed-menus-for-south-indian-wedding-menus-vellore-food-counter-guide.html
293,Tamil Vegetarian Catering Service Guide: Practical Decisions for Service Timing,Social & Community,service timing,guides/blogs/tamil-vegetarian-catering-service-guide-practical-decisions-for-service-timing.html
294,Non-Vegetarian Catering: Planning Guide for Family Preferences around Khadavalam,Religious & Spiritual,family preferences,guides/blogs/non-vegetarian-catering-planning-guide-for-family-preferences-around-khadavalam.html
295,How to Improve Summer Events for Banana Leaf Service: Vellore Budget Planning Guide,Corporate & Business,summer events,guides/blogs/how-to-improve-summer-events-for-banana-leaf-service-vellore-budget-planning-guide.html
296,Buffet Catering Checklist: Practical Decisions for Mixed Menus,Cuisine-Based,mixed menus,guides/blogs/buffet-catering-checklist-practical-decisions-for-mixed-menus.html
297,Live Food Counters: Menu Guide for Service Timing around Machampattu,Religious & Traditional,service timing,guides/blogs/live-food-counters-menu-guide-for-service-timing-around-machampattu.html
298,How to Improve Family Preferences for Breakfast Catering: Vellore Timing Guide,Religious & Spiritual,family preferences,guides/blogs/how-to-improve-family-preferences-for-breakfast-catering-vellore-timing-guide.html
299,Lunch Catering Mistakes to Avoid: Practical Decisions for Summer Events,Religious & Spiritual,summer events,guides/blogs/lunch-catering-mistakes-to-avoid-practical-decisions-for-summer-events.html
300,Reception Dinner Catering: Guest-Count Guide for Mixed Menus around Pernambut Road,Specialized & Dietary,mixed menus,guides/blogs/reception-dinner-catering-guest-count-guide-for-mixed-menus-around-pernambut-road.html
301,How to Improve Service Timing for Engagement Catering: Vellore Venue Coordination Guide,Cuisine-Based,service timing,guides/blogs/how-to-improve-service-timing-for-engagement-catering-vellore-venue-coordination-guide.html
302,Housewarming Catering Food Counter Guide: Practical Decisions for Family Preferences,Corporate & Business,family preferences,guides/blogs/housewarming-catering-food-counter-guide-practical-decisions-for-family-preferences.html
303,Corporate Catering: Service Guide for Summer Events around Pallikonda Bazaar,Religious & Traditional,summer events,guides/blogs/corporate-catering-service-guide-for-summer-events-around-pallikonda-bazaar.html
304,How to Improve Mixed Menus for School Event Catering: Vellore Planning Guide,Special Occasions,mixed menus,guides/blogs/how-to-improve-mixed-menus-for-school-event-catering-vellore-planning-guide.html
305,Temple Function Catering Budget Planning Guide: Practical Decisions for Service Timing,Cuisine-Based,service timing,guides/blogs/temple-function-catering-budget-planning-guide-practical-decisions-for-service-timing.html
306,Annadhanam Catering: Checklist for Family Preferences around Abdullapuram,Wedding & Marriage,family preferences,guides/blogs/annadhanam-catering-checklist-for-family-preferences-around-abdullapuram.html
307,How to Improve Summer Events for Biryani Catering: Vellore Menu Guide,Social & Community,summer events,guides/blogs/how-to-improve-summer-events-for-biryani-catering-vellore-menu-guide.html
308,Dessert Counters Timing Guide: Practical Decisions for Mixed Menus,Birthday & Family,mixed menus,guides/blogs/dessert-counters-timing-guide-practical-decisions-for-mixed-menus.html
309,Filter Coffee Service: Mistakes to Avoid for Service Timing around Vepampattu,Wedding & Marriage,service timing,guides/blogs/filter-coffee-service-mistakes-to-avoid-for-service-timing-around-vepampattu.html
310,How to Improve Family Preferences for Guest Count Planning: Vellore Guest-Count Guide,Education,family preferences,guides/blogs/how-to-improve-family-preferences-for-guest-count-planning-vellore-guest-count-guide.html
311,Catering Budget Planning Venue Coordination Guide: Practical Decisions for Summer Events,Wedding & Marriage,summer events,guides/blogs/catering-budget-planning-venue-coordination-guide-practical-decisions-for-summer-events.html
312,Venue Coordination: Food Counter Guide for Mixed Menus around Natrampalli,Specialized & Dietary,mixed menus,guides/blogs/venue-coordination-food-counter-guide-for-mixed-menus-around-natrampalli.html
313,How to Improve Service Timing for Food Hygiene: Vellore Service Guide,Food Service Formats,service timing,guides/blogs/how-to-improve-service-timing-for-food-hygiene-vellore-service-guide.html
314,Catering Service Staff Planning Guide: Practical Decisions for Family Preferences,Special Occasions,family preferences,guides/blogs/catering-service-staff-planning-guide-practical-decisions-for-family-preferences.html
315,Wedding Catering in Vellore: Budget Planning Guide for Summer Events around Gudipala,Specialized & Dietary,summer events,guides/blogs/wedding-catering-in-vellore-budget-planning-guide-for-summer-events-around-gudipala.html
316,How to Improve Mixed Menus for Birthday Catering in Vellore: Vellore Checklist,Wedding & Marriage,mixed menus,guides/blogs/how-to-improve-mixed-menus-for-birthday-catering-in-vellore-vellore-checklist.html
317,Seemandham Catering in Vellore Menu Guide: Practical Decisions for Service Timing,Events & Entertainment,service timing,guides/blogs/seemandham-catering-in-vellore-menu-guide-practical-decisions-for-service-timing.html
318,South Indian Wedding Menus: Timing Guide for Family Preferences around Walajapet Bus Stand,Special Occasions,family preferences,guides/blogs/south-indian-wedding-menus-timing-guide-for-family-preferences-around-walajapet-bus-stand.html
319,How to Improve Summer Events for Tamil Vegetarian Catering: Vellore Mistakes to Avoid,Special Occasions,summer events,guides/blogs/how-to-improve-summer-events-for-tamil-vegetarian-catering-vellore-mistakes-to-avoid.html
320,Non-Vegetarian Catering Guest-Count Guide: Practical Decisions for Mixed Menus,Cuisine-Based,mixed menus,guides/blogs/non-vegetarian-catering-guest-count-guide-practical-decisions-for-mixed-menus.html
321,Banana Leaf Service: Venue Coordination Guide for Service Timing around Kilkrishnapuram,Events & Entertainment,service timing,guides/blogs/banana-leaf-service-venue-coordination-guide-for-service-timing-around-kilkrishnapuram.html
322,How to Improve Family Preferences for Buffet Catering: Vellore Food Counter Guide,Events & Entertainment,family preferences,guides/blogs/how-to-improve-family-preferences-for-buffet-catering-vellore-food-counter-guide.html
323,Live Food Counters Service Guide: Practical Decisions for Summer Events,Cuisine-Based,summer events,guides/blogs/live-food-counters-service-guide-practical-decisions-for-summer-events.html
324,Breakfast Catering: Planning Guide for Mixed Menus around Chinnadamal Cheruvu,Religious Festivals & Seasonal,mixed menus,guides/blogs/breakfast-catering-planning-guide-for-mixed-menus-around-chinnadamal-cheruvu.html
325,How to Improve Service Timing for Lunch Catering: Vellore Budget Planning Guide,Special Occasions,service timing,guides/blogs/how-to-improve-service-timing-for-lunch-catering-vellore-budget-planning-guide.html
326,Reception Dinner Catering Checklist: Practical Decisions for Family Preferences,Religious & Traditional,family preferences,guides/blogs/reception-dinner-catering-checklist-practical-decisions-for-family-preferences.html
327,Engagement Catering: Menu Guide for Summer Events around Sathuvachari Phase 1,Retail & Commercial,summer events,guides/blogs/engagement-catering-menu-guide-for-summer-events-around-sathuvachari-phase-1.html
328,How to Improve Mixed Menus for Housewarming Catering: Vellore Timing Guide,Specialized & Dietary,mixed menus,guides/blogs/how-to-improve-mixed-menus-for-housewarming-catering-vellore-timing-guide.html
329,Corporate Catering Mistakes to Avoid: Practical Decisions for Service Timing,Cuisine-Based,service timing,guides/blogs/corporate-catering-mistakes-to-avoid-practical-decisions-for-service-timing.html
330,School Event Catering: Guest-Count Guide for Family Preferences around Gudiyatham Bazaar,Education,family preferences,guides/blogs/school-event-catering-guest-count-guide-for-family-preferences-around-gudiyatham-bazaar.html
331,How to Improve Summer Events for Temple Function Catering: Vellore Venue Coordination Guide,Events & Entertainment,summer events,guides/blogs/how-to-improve-summer-events-for-temple-function-catering-vellore-venue-coordination-guide.html
332,Annadhanam Catering Food Counter Guide: Practical Decisions for Mixed Menus,Birthday & Family,mixed menus,guides/blogs/annadhanam-catering-food-counter-guide-practical-decisions-for-mixed-menus.html
333,Biryani Catering: Service Guide for Service Timing around Shenbakkam,Social & Community,service timing,guides/blogs/biryani-catering-service-guide-for-service-timing-around-shenbakkam.html
334,How to Improve Family Preferences for Dessert Counters: Vellore Planning Guide,Religious & Traditional,family preferences,guides/blogs/how-to-improve-family-preferences-for-dessert-counters-vellore-planning-guide.html
335,Filter Coffee Service Budget Planning Guide: Practical Decisions for Summer Events,Food Service Formats,summer events,guides/blogs/filter-coffee-service-budget-planning-guide-practical-decisions-for-summer-events.html
336,Guest Count Planning: Checklist for Mixed Menus around Brahmapuram,Cuisine-Based,mixed menus,guides/blogs/guest-count-planning-checklist-for-mixed-menus-around-brahmapuram.html
337,How to Improve Service Timing for Catering Budget Planning: Vellore Menu Guide,Special Occasions,service timing,guides/blogs/how-to-improve-service-timing-for-catering-budget-planning-vellore-menu-guide.html
338,Venue Coordination Timing Guide: Practical Decisions for Family Preferences,Religious Festivals & Seasonal,family preferences,guides/blogs/venue-coordination-timing-guide-practical-decisions-for-family-preferences.html
339,Food Hygiene: Mistakes to Avoid for Summer Events around Poondi,Special Occasions,summer events,guides/blogs/food-hygiene-mistakes-to-avoid-for-summer-events-around-poondi.html
340,How to Improve Mixed Menus for Catering Service Staff: Vellore Guest-Count Guide,Specialized & Dietary,mixed menus,guides/blogs/how-to-improve-mixed-menus-for-catering-service-staff-vellore-guest-count-guide.html
341,Wedding Catering in Vellore Venue Coordination Guide: Practical Decisions for Service Timing,Food Service Formats,service timing,guides/blogs/wedding-catering-in-vellore-venue-coordination-guide-practical-decisions-for-service-timing.html
342,Birthday Catering in Vellore: Food Counter Guide for Family Preferences around Arakonam Town,Education,family preferences,guides/blogs/birthday-catering-in-vellore-food-counter-guide-for-family-preferences-around-arakonam-town.html
343,How to Improve Summer Events for Seemandham Catering in Vellore: Vellore Service Guide,Cuisine-Based,summer events,guides/blogs/how-to-improve-summer-events-for-seemandham-catering-in-vellore-vellore-service-guide.html
344,South Indian Wedding Menus Planning Guide: Practical Decisions for Mixed Menus,Specialized & Dietary,mixed menus,guides/blogs/south-indian-wedding-menus-planning-guide-practical-decisions-for-mixed-menus.html
345,Tamil Vegetarian Catering: Budget Planning Guide for Service Timing around Green Circle Vellore,Healthcare & Institutional,service timing,guides/blogs/tamil-vegetarian-catering-budget-planning-guide-for-service-timing-around-green-circle-vellore.html
346,How to Improve Family Preferences for Non-Vegetarian Catering: Vellore Checklist,Education,family preferences,guides/blogs/how-to-improve-family-preferences-for-non-vegetarian-catering-vellore-checklist.html
347,Banana Leaf Service Menu Guide: Practical Decisions for Summer Events,Travel & Venue,summer events,guides/blogs/banana-leaf-service-menu-guide-practical-decisions-for-summer-events.html
348,Buffet Catering: Timing Guide for Mixed Menus around Umayampattu,Specialized & Dietary,mixed menus,guides/blogs/buffet-catering-timing-guide-for-mixed-menus-around-umayampattu.html
349,How to Improve Service Timing for Live Food Counters: Vellore Mistakes to Avoid,Special Occasions,service timing,guides/blogs/how-to-improve-service-timing-for-live-food-counters-vellore-mistakes-to-avoid.html
350,Breakfast Catering Guest-Count Guide: Practical Decisions for Family Preferences,Special Occasions,family preferences,guides/blogs/breakfast-catering-guest-count-guide-practical-decisions-for-family-preferences.html
351,Lunch Catering: Venue Coordination Guide for Summer Events around Seruvangi,Corporate & Business,summer events,guides/blogs/lunch-catering-venue-coordination-guide-for-summer-events-around-seruvangi.html
352,How to Improve Mixed Menus for Reception Dinner Catering: Vellore Food Counter Guide,Birthday & Family,mixed menus,guides/blogs/how-to-improve-mixed-menus-for-reception-dinner-catering-vellore-food-counter-guide.html
353,Engagement Catering Service Guide: Practical Decisions for Service Timing,Events & Entertainment,service timing,guides/blogs/engagement-catering-service-guide-practical-decisions-for-service-timing.html
354,Housewarming Catering: Planning Guide for Family Preferences around Mullai Nagar,Events & Entertainment,family preferences,guides/blogs/housewarming-catering-planning-guide-for-family-preferences-around-mullai-nagar.html
355,How to Improve Summer Events for Corporate Catering: Vellore Budget Planning Guide,Events & Entertainment,summer events,guides/blogs/how-to-improve-summer-events-for-corporate-catering-vellore-budget-planning-guide.html
356,School Event Catering Checklist: Practical Decisions for Mixed Menus,Special Occasions,mixed menus,guides/blogs/school-event-catering-checklist-practical-decisions-for-mixed-menus.html
357,Temple Function Catering: Menu Guide for Service Timing around Polur Road,Religious & Traditional,service timing,guides/blogs/temple-function-catering-menu-guide-for-service-timing-around-polur-road.html
358,How to Improve Family Preferences for Annadhanam Catering: Vellore Timing Guide,Birthday & Family,family preferences,guides/blogs/how-to-improve-family-preferences-for-annadhanam-catering-vellore-timing-guide.html
359,Biryani Catering Mistakes to Avoid: Practical Decisions for Summer Events,Religious & Traditional,summer events,guides/blogs/biryani-catering-mistakes-to-avoid-practical-decisions-for-summer-events.html
360,Dessert Counters: Guest-Count Guide for Mixed Menus around Palamadai,Religious Festivals & Seasonal,mixed menus,guides/blogs/dessert-counters-guest-count-guide-for-mixed-menus-around-palamadai.html
361,How to Improve Service Timing for Filter Coffee Service: Vellore Venue Coordination Guide,Education,service timing,guides/blogs/how-to-improve-service-timing-for-filter-coffee-service-vellore-venue-coordination-guide.html
362,Guest Count Planning Food Counter Guide: Practical Decisions for Family Preferences,Social & Community,family preferences,guides/blogs/guest-count-planning-food-counter-guide-practical-decisions-for-family-preferences.html
363,Catering Budget Planning: Service Guide for Summer Events around Pallikuppam,Religious Festivals & Seasonal,summer events,guides/blogs/catering-budget-planning-service-guide-for-summer-events-around-pallikuppam.html
364,How to Improve Mixed Menus for Venue Coordination: Vellore Planning Guide,Religious & Traditional,mixed menus,guides/blogs/how-to-improve-mixed-menus-for-venue-coordination-vellore-planning-guide.html
365,Food Hygiene Budget Planning Guide: Practical Decisions for Service Timing,Cuisine-Based,service timing,guides/blogs/food-hygiene-budget-planning-guide-practical-decisions-for-service-timing.html
366,Catering Service Staff: Checklist for Family Preferences around Ponnai,Retail & Commercial,family preferences,guides/blogs/catering-service-staff-checklist-for-family-preferences-around-ponnai.html
367,How to Improve Summer Events for Wedding Catering in Vellore: Vellore Menu Guide,Travel & Venue,summer events,guides/blogs/how-to-improve-summer-events-for-wedding-catering-in-vellore-vellore-menu-guide.html
368,Birthday Catering in Vellore Timing Guide: Practical Decisions for Mixed Menus,Events & Entertainment,mixed menus,guides/blogs/birthday-catering-in-vellore-timing-guide-practical-decisions-for-mixed-menus.html
369,Seemandham Catering in Vellore: Mistakes to Avoid for Service Timing around CMC Golden Jubilee Road,Special Occasions,service timing,guides/blogs/seemandham-catering-in-vellore-mistakes-to-avoid-for-service-timing-around-cmc-golden-jubilee-road.html
370,How to Improve Family Preferences for South Indian Wedding Menus: Vellore Guest-Count Guide,Corporate & Business,family preferences,guides/blogs/how-to-improve-family-preferences-for-south-indian-wedding-menus-vellore-guest-count-guide.html
371,Tamil Vegetarian Catering Venue Coordination Guide: Practical Decisions for Summer Events,Special Occasions,summer events,guides/blogs/tamil-vegetarian-catering-venue-coordination-guide-practical-decisions-for-summer-events.html
372,Non-Vegetarian Catering: Food Counter Guide for Mixed Menus around Arakkonam Junction,Birthday & Family,mixed menus,guides/blogs/non-vegetarian-catering-food-counter-guide-for-mixed-menus-around-arakkonam-junction.html
373,How to Improve Service Timing for Banana Leaf Service: Vellore Service Guide,Events & Entertainment,service timing,guides/blogs/how-to-improve-service-timing-for-banana-leaf-service-vellore-service-guide.html
374,Buffet Catering Planning Guide: Practical Decisions for Family Preferences,Retail & Commercial,family preferences,guides/blogs/buffet-catering-planning-guide-practical-decisions-for-family-preferences.html
375,Live Food Counters: Budget Planning Guide for Summer Events around Elluparai,Cuisine-Based,summer events,guides/blogs/live-food-counters-budget-planning-guide-for-summer-events-around-elluparai.html
376,How to Improve Mixed Menus for Breakfast Catering: Vellore Checklist,Special Occasions,mixed menus,guides/blogs/how-to-improve-mixed-menus-for-breakfast-catering-vellore-checklist.html
377,Lunch Catering Menu Guide: Practical Decisions for Service Timing,Corporate & Business,service timing,guides/blogs/lunch-catering-menu-guide-practical-decisions-for-service-timing.html
378,Reception Dinner Catering: Timing Guide for Family Preferences around Varadhareddipalli,Education,family preferences,guides/blogs/reception-dinner-catering-timing-guide-for-family-preferences-around-varadhareddipalli.html
379,How to Improve Summer Events for Engagement Catering: Vellore Mistakes to Avoid,Religious & Spiritual,summer events,guides/blogs/how-to-improve-summer-events-for-engagement-catering-vellore-mistakes-to-avoid.html
380,Housewarming Catering Guest-Count Guide: Practical Decisions for Mixed Menus,Cuisine-Based,mixed menus,guides/blogs/housewarming-catering-guest-count-guide-practical-decisions-for-mixed-menus.html
381,Corporate Catering: Venue Coordination Guide for Service Timing around Fort Main Road,Corporate & Business,service timing,guides/blogs/corporate-catering-venue-coordination-guide-for-service-timing-around-fort-main-road.html
382,How to Improve Family Preferences for School Event Catering: Vellore Food Counter Guide,Food Service Formats,family preferences,guides/blogs/how-to-improve-family-preferences-for-school-event-catering-vellore-food-counter-guide.html
383,Temple Function Catering Service Guide: Practical Decisions for Summer Events,Cuisine-Based,summer events,guides/blogs/temple-function-catering-service-guide-practical-decisions-for-summer-events.html
384,Annadhanam Catering: Planning Guide for Mixed Menus around Polur,Retail & Commercial,mixed menus,guides/blogs/annadhanam-catering-planning-guide-for-mixed-menus-around-polur.html
385,How to Improve Service Timing for Biryani Catering: Vellore Budget Planning Guide,Food Service Formats,service timing,guides/blogs/how-to-improve-service-timing-for-biryani-catering-vellore-budget-planning-guide.html
386,Dessert Counters Checklist: Practical Decisions for Family Preferences,Religious & Spiritual,family preferences,guides/blogs/dessert-counters-checklist-practical-decisions-for-family-preferences.html
387,Filter Coffee Service: Menu Guide for Summer Events around Nallimalai R.F.,Food Service Formats,summer events,guides/blogs/filter-coffee-service-menu-guide-for-summer-events-around-nallimalai-r-f.html
388,How to Improve Mixed Menus for Guest Count Planning: Vellore Timing Guide,Wedding & Marriage,mixed menus,guides/blogs/how-to-improve-mixed-menus-for-guest-count-planning-vellore-timing-guide.html
389,Catering Budget Planning Mistakes to Avoid: Practical Decisions for Service Timing,Events & Entertainment,service timing,guides/blogs/catering-budget-planning-mistakes-to-avoid-practical-decisions-for-service-timing.html
390,Venue Coordination: Guest-Count Guide for Family Preferences around Malayambattu,Corporate & Business,family preferences,guides/blogs/venue-coordination-guest-count-guide-for-family-preferences-around-malayambattu.html
391,How to Improve Summer Events for Food Hygiene: Vellore Venue Coordination Guide,Religious & Traditional,summer events,guides/blogs/how-to-improve-summer-events-for-food-hygiene-vellore-venue-coordination-guide.html
392,Catering Service Staff Food Counter Guide: Practical Decisions for Mixed Menus,Cuisine-Based,mixed menus,guides/blogs/catering-service-staff-food-counter-guide-practical-decisions-for-mixed-menus.html
393,Wedding Catering in Vellore: Service Guide for Service Timing around Arakkonam,Religious & Spiritual,service timing,guides/blogs/wedding-catering-in-vellore-service-guide-for-service-timing-around-arakkonam.html
394,How to Improve Family Preferences for Birthday Catering in Vellore: Vellore Planning Guide,Religious & Traditional,family preferences,guides/blogs/how-to-improve-family-preferences-for-birthday-catering-in-vellore-vellore-planning-guide.html
395,Seemandham Catering in Vellore Budget Planning Guide: Practical Decisions for Summer Events,Special Occasions,summer events,guides/blogs/seemandham-catering-in-vellore-budget-planning-guide-practical-decisions-for-summer-events.html
396,South Indian Wedding Menus: Checklist for Mixed Menus around Bagayam Road,Wedding & Marriage,mixed menus,guides/blogs/south-indian-wedding-menus-checklist-for-mixed-menus-around-bagayam-road.html
397,How to Improve Service Timing for Tamil Vegetarian Catering: Vellore Menu Guide,Social & Community,service timing,guides/blogs/how-to-improve-service-timing-for-tamil-vegetarian-catering-vellore-menu-guide.html
398,Non-Vegetarian Catering Timing Guide: Practical Decisions for Family Preferences,Healthcare & Institutional,family preferences,guides/blogs/non-vegetarian-catering-timing-guide-practical-decisions-for-family-preferences.html
399,Banana Leaf Service: Mistakes to Avoid for Summer Events around Ariyur Junction,Wedding & Marriage,summer events,guides/blogs/banana-leaf-service-mistakes-to-avoid-for-summer-events-around-ariyur-junction.html
400,How to Improve Mixed Menus for Buffet Catering: Vellore Guest-Count Guide,Religious & Traditional,mixed menus,guides/blogs/how-to-improve-mixed-menus-for-buffet-catering-vellore-guest-count-guide.html
401,Live Food Counters Venue Coordination Guide: Practical Decisions for Service Timing,Education,service timing,guides/blogs/live-food-counters-venue-coordination-guide-practical-decisions-for-service-timing.html
402,Breakfast Catering: Food Counter Guide for Family Preferences around Athiyur,Religious & Spiritual,family preferences,guides/blogs/breakfast-catering-food-counter-guide-for-family-preferences-around-athiyur.html
403,How to Improve Summer Events for Lunch Catering: Vellore Service Guide,Cuisine-Based,summer events,guides/blogs/how-to-improve-summer-events-for-lunch-catering-vellore-service-guide.html
404,Reception Dinner Catering Planning Guide: Practical Decisions for Mixed Menus,Food Service Formats,mixed menus,guides/blogs/reception-dinner-catering-planning-guide-practical-decisions-for-mixed-menus.html
405,Engagement Catering: Budget Planning Guide for Service Timing around Kasalankuppam,Social & Community,service timing,guides/blogs/engagement-catering-budget-planning-guide-for-service-timing-around-kasalankuppam.html
406,How to Improve Family Preferences for Housewarming Catering: Vellore Checklist,Food Service Formats,family preferences,guides/blogs/how-to-improve-family-preferences-for-housewarming-catering-vellore-checklist.html
407,Corporate Catering Menu Guide: Practical Decisions for Summer Events,Food Service Formats,summer events,guides/blogs/corporate-catering-menu-guide-practical-decisions-for-summer-events.html
408,School Event Catering: Timing Guide for Mixed Menus around CMC Outgate,Corporate & Business,mixed menus,guides/blogs/school-event-catering-timing-guide-for-mixed-menus-around-cmc-outgate.html
409,How to Improve Service Timing for Temple Function Catering: Vellore Mistakes to Avoid,Cuisine-Based,service timing,guides/blogs/how-to-improve-service-timing-for-temple-function-catering-vellore-mistakes-to-avoid.html
410,Annadhanam Catering Guest-Count Guide: Practical Decisions for Family Preferences,Food Service Formats,family preferences,guides/blogs/annadhanam-catering-guest-count-guide-practical-decisions-for-family-preferences.html
411,Biryani Catering: Venue Coordination Guide for Summer Events around Rathinagiri,Special Occasions,summer events,guides/blogs/biryani-catering-venue-coordination-guide-for-summer-events-around-rathinagiri.html
412,How to Improve Mixed Menus for Dessert Counters: Vellore Food Counter Guide,Social & Community,mixed menus,guides/blogs/how-to-improve-mixed-menus-for-dessert-counters-vellore-food-counter-guide.html
413,Filter Coffee Service Service Guide: Practical Decisions for Service Timing,Retail & Commercial,service timing,guides/blogs/filter-coffee-service-service-guide-practical-decisions-for-service-timing.html
414,Guest Count Planning: Planning Guide for Family Preferences around Nemili Bus Stand,Food Service Formats,family preferences,guides/blogs/guest-count-planning-planning-guide-for-family-preferences-around-nemili-bus-stand.html
415,How to Improve Summer Events for Catering Budget Planning: Vellore Budget Planning Guide,Cuisine-Based,summer events,guides/blogs/how-to-improve-summer-events-for-catering-budget-planning-vellore-budget-planning-guide.html
416,Venue Coordination Checklist: Practical Decisions for Mixed Menus,Food Service Formats,mixed menus,guides/blogs/venue-coordination-checklist-practical-decisions-for-mixed-menus.html
417,Food Hygiene: Menu Guide for Service Timing around Kammiyambattu,Religious & Spiritual,service timing,guides/blogs/food-hygiene-menu-guide-for-service-timing-around-kammiyambattu.html
418,How to Improve Family Preferences for Catering Service Staff: Vellore Timing Guide,Specialized & Dietary,family preferences,guides/blogs/how-to-improve-family-preferences-for-catering-service-staff-vellore-timing-guide.html
419,Wedding Catering in Vellore Mistakes to Avoid: Practical Decisions for Summer Events,Food Service Formats,summer events,guides/blogs/wedding-catering-in-vellore-mistakes-to-avoid-practical-decisions-for-summer-events.html
420,Birthday Catering in Vellore: Guest-Count Guide for Mixed Menus around Kothamarikuppam,Education,mixed menus,guides/blogs/birthday-catering-in-vellore-guest-count-guide-for-mixed-menus-around-kothamarikuppam.html
421,How to Improve Service Timing for Seemandham Catering in Vellore: Vellore Venue Coordination Guide,Cuisine-Based,service timing,guides/blogs/how-to-improve-service-timing-for-seemandham-catering-in-vellore-vellore-venue-coordination-guide.html
422,South Indian Wedding Menus Food Counter Guide: Practical Decisions for Family Preferences,Corporate & Business,family preferences,guides/blogs/south-indian-wedding-menus-food-counter-guide-practical-decisions-for-family-preferences.html
423,Tamil Vegetarian Catering: Service Guide for Summer Events around Arni Road,Special Occasions,summer events,guides/blogs/tamil-vegetarian-catering-service-guide-for-summer-events-around-arni-road.html
424,How to Improve Mixed Menus for Non-Vegetarian Catering: Vellore Planning Guide,Events & Entertainment,mixed menus,guides/blogs/how-to-improve-mixed-menus-for-non-vegetarian-catering-vellore-planning-guide.html
425,Banana Leaf Service Budget Planning Guide: Practical Decisions for Service Timing,Specialized & Dietary,service timing,guides/blogs/banana-leaf-service-budget-planning-guide-practical-decisions-for-service-timing.html
426,Buffet Catering: Checklist for Family Preferences around Nemili Bazaar,Wedding & Marriage,family preferences,guides/blogs/buffet-catering-checklist-for-family-preferences-around-nemili-bazaar.html
427,How to Improve Summer Events for Live Food Counters: Vellore Menu Guide,Food Service Formats,summer events,guides/blogs/how-to-improve-summer-events-for-live-food-counters-vellore-menu-guide.html
428,Breakfast Catering Timing Guide: Practical Decisions for Mixed Menus,Specialized & Dietary,mixed menus,guides/blogs/breakfast-catering-timing-guide-practical-decisions-for-mixed-menus.html
429,Lunch Catering: Mistakes to Avoid for Service Timing around Sathiyamangalam,Cuisine-Based,service timing,guides/blogs/lunch-catering-mistakes-to-avoid-for-service-timing-around-sathiyamangalam.html
430,How to Improve Family Preferences for Reception Dinner Catering: Vellore Guest-Count Guide,Birthday & Family,family preferences,guides/blogs/how-to-improve-family-preferences-for-reception-dinner-catering-vellore-guest-count-guide.html
431,Engagement Catering Venue Coordination Guide: Practical Decisions for Summer Events,Corporate & Business,summer events,guides/blogs/engagement-catering-venue-coordination-guide-practical-decisions-for-summer-events.html
432,Housewarming Catering: Food Counter Guide for Mixed Menus around Arumparai,Corporate & Business,mixed menus,guides/blogs/housewarming-catering-food-counter-guide-for-mixed-menus-around-arumparai.html
433,How to Improve Service Timing for Corporate Catering: Vellore Service Guide,Religious Festivals & Seasonal,service timing,guides/blogs/how-to-improve-service-timing-for-corporate-catering-vellore-service-guide.html
434,School Event Catering Planning Guide: Practical Decisions for Family Preferences,Food Service Formats,family preferences,guides/blogs/school-event-catering-planning-guide-practical-decisions-for-family-preferences.html
435,Temple Function Catering: Budget Planning Guide for Summer Events around Kalmelkuppam,Religious Festivals & Seasonal,summer events,guides/blogs/temple-function-catering-budget-planning-guide-for-summer-events-around-kalmelkuppam.html
436,How to Improve Mixed Menus for Annadhanam Catering: Vellore Checklist,Wedding & Marriage,mixed menus,guides/blogs/how-to-improve-mixed-menus-for-annadhanam-catering-vellore-checklist.html
437,Biryani Catering Menu Guide: Practical Decisions for Service Timing,Wedding & Marriage,service timing,guides/blogs/biryani-catering-menu-guide-practical-decisions-for-service-timing.html
438,Dessert Counters: Timing Guide for Family Preferences around Chittoor,Special Occasions,family preferences,guides/blogs/dessert-counters-timing-guide-for-family-preferences-around-chittoor.html
439,How to Improve Summer Events for Filter Coffee Service: Vellore Mistakes to Avoid,Food Service Formats,summer events,guides/blogs/how-to-improve-summer-events-for-filter-coffee-service-vellore-mistakes-to-avoid.html
440,Guest Count Planning Guest-Count Guide: Practical Decisions for Mixed Menus,Cuisine-Based,mixed menus,guides/blogs/guest-count-planning-guest-count-guide-practical-decisions-for-mixed-menus.html
441,Catering Budget Planning: Venue Coordination Guide for Service Timing around Tirupattur Bus Stand,Food Service Formats,service timing,guides/blogs/catering-budget-planning-venue-coordination-guide-for-service-timing-around-tirupattur-bus-stand.html
442,How to Improve Family Preferences for Venue Coordination: Vellore Food Counter Guide,Events & Entertainment,family preferences,guides/blogs/how-to-improve-family-preferences-for-venue-coordination-vellore-food-counter-guide.html
443,Food Hygiene Service Guide: Practical Decisions for Summer Events,Special Occasions,summer events,guides/blogs/food-hygiene-service-guide-practical-decisions-for-summer-events.html
444,Catering Service Staff: Planning Guide for Mixed Menus around Unai,Food Service Formats,mixed menus,guides/blogs/catering-service-staff-planning-guide-for-mixed-menus-around-unai.html
445,How to Improve Service Timing for Wedding Catering in Vellore: Vellore Budget Planning Guide,Healthcare & Institutional,service timing,guides/blogs/how-to-improve-service-timing-for-wedding-catering-in-vellore-vellore-budget-planning-guide.html
446,Birthday Catering in Vellore Checklist: Practical Decisions for Family Preferences,Special Occasions,family preferences,guides/blogs/birthday-catering-in-vellore-checklist-practical-decisions-for-family-preferences.html
447,Seemandham Catering in Vellore: Menu Guide for Summer Events around Kothakuppam,Travel & Venue,summer events,guides/blogs/seemandham-catering-in-vellore-menu-guide-for-summer-events-around-kothakuppam.html
448,How to Improve Mixed Menus for South Indian Wedding Menus: Vellore Timing Guide,Healthcare & Institutional,mixed menus,guides/blogs/how-to-improve-mixed-menus-for-south-indian-wedding-menus-vellore-timing-guide.html
449,Tamil Vegetarian Catering Mistakes to Avoid: Practical Decisions for Service Timing,Events & Entertainment,service timing,guides/blogs/tamil-vegetarian-catering-mistakes-to-avoid-practical-decisions-for-service-timing.html
450,Non-Vegetarian Catering: Guest-Count Guide for Family Preferences around Vellore South,Religious & Traditional,family preferences,guides/blogs/non-vegetarian-catering-guest-count-guide-for-family-preferences-around-vellore-south.html
451,How to Improve Summer Events for Banana Leaf Service: Vellore Venue Coordination Guide,Religious Festivals & Seasonal,summer events,guides/blogs/how-to-improve-summer-events-for-banana-leaf-service-vellore-venue-coordination-guide.html
452,Buffet Catering Food Counter Guide: Practical Decisions for Mixed Menus,Corporate & Business,mixed menus,guides/blogs/buffet-catering-food-counter-guide-practical-decisions-for-mixed-menus.html
453,Live Food Counters: Service Guide for Service Timing around Arakkonam Road,Retail & Commercial,service timing,guides/blogs/live-food-counters-service-guide-for-service-timing-around-arakkonam-road.html
454,How to Improve Family Preferences for Breakfast Catering: Vellore Planning Guide,Social & Community,family preferences,guides/blogs/how-to-improve-family-preferences-for-breakfast-catering-vellore-planning-guide.html
455,Lunch Catering Budget Planning Guide: Practical Decisions for Summer Events,Wedding & Marriage,summer events,guides/blogs/lunch-catering-budget-planning-guide-practical-decisions-for-summer-events.html
456,Reception Dinner Catering: Checklist for Mixed Menus around Vellore Fort,Religious & Spiritual,mixed menus,guides/blogs/reception-dinner-catering-checklist-for-mixed-menus-around-vellore-fort.html
457,How to Improve Service Timing for Engagement Catering: Vellore Menu Guide,Religious Festivals & Seasonal,service timing,guides/blogs/how-to-improve-service-timing-for-engagement-catering-vellore-menu-guide.html
458,Housewarming Catering Timing Guide: Practical Decisions for Family Preferences,Specialized & Dietary,family preferences,guides/blogs/housewarming-catering-timing-guide-practical-decisions-for-family-preferences.html
459,Corporate Catering: Mistakes to Avoid for Summer Events around Arumparuthi,Corporate & Business,summer events,guides/blogs/corporate-catering-mistakes-to-avoid-for-summer-events-around-arumparuthi.html
460,How to Improve Mixed Menus for School Event Catering: Vellore Guest-Count Guide,Food Service Formats,mixed menus,guides/blogs/how-to-improve-mixed-menus-for-school-event-catering-vellore-guest-count-guide.html
461,Temple Function Catering Venue Coordination Guide: Practical Decisions for Service Timing,Social & Community,service timing,guides/blogs/temple-function-catering-venue-coordination-guide-practical-decisions-for-service-timing.html
462,Annadhanam Catering: Food Counter Guide for Family Preferences around Gudimallur,Cuisine-Based,family preferences,guides/blogs/annadhanam-catering-food-counter-guide-for-family-preferences-around-gudimallur.html
463,How to Improve Summer Events for Biryani Catering: Vellore Service Guide,Religious & Spiritual,summer events,guides/blogs/how-to-improve-summer-events-for-biryani-catering-vellore-service-guide.html
464,Dessert Counters Planning Guide: Practical Decisions for Mixed Menus,Special Occasions,mixed menus,guides/blogs/dessert-counters-planning-guide-practical-decisions-for-mixed-menus.html
465,Filter Coffee Service: Budget Planning Guide for Service Timing around Gudiyatham Town,Corporate & Business,service timing,guides/blogs/filter-coffee-service-budget-planning-guide-for-service-timing-around-gudiyatham-town.html
466,How to Improve Family Preferences for Guest Count Planning: Vellore Checklist,Healthcare & Institutional,family preferences,guides/blogs/how-to-improve-family-preferences-for-guest-count-planning-vellore-checklist.html
467,Catering Budget Planning Menu Guide: Practical Decisions for Summer Events,Cuisine-Based,summer events,guides/blogs/catering-budget-planning-menu-guide-practical-decisions-for-summer-events.html
468,Venue Coordination: Timing Guide for Mixed Menus around Sathuvachari Junction,Retail & Commercial,mixed menus,guides/blogs/venue-coordination-timing-guide-for-mixed-menus-around-sathuvachari-junction.html
469,How to Improve Service Timing for Food Hygiene: Vellore Mistakes to Avoid,Special Occasions,service timing,guides/blogs/how-to-improve-service-timing-for-food-hygiene-vellore-mistakes-to-avoid.html
470,Catering Service Staff Guest-Count Guide: Practical Decisions for Family Preferences,Cuisine-Based,family preferences,guides/blogs/catering-service-staff-guest-count-guide-practical-decisions-for-family-preferences.html
471,Wedding Catering in Vellore: Venue Coordination Guide for Summer Events around Gengasanikuppam,Travel & Venue,summer events,guides/blogs/wedding-catering-in-vellore-venue-coordination-guide-for-summer-events-around-gengasanikuppam.html
472,How to Improve Mixed Menus for Birthday Catering in Vellore: Vellore Food Counter Guide,Events & Entertainment,mixed menus,guides/blogs/how-to-improve-mixed-menus-for-birthday-catering-in-vellore-vellore-food-counter-guide.html
473,Seemandham Catering in Vellore Service Guide: Practical Decisions for Service Timing,Events & Entertainment,service timing,guides/blogs/seemandham-catering-in-vellore-service-guide-practical-decisions-for-service-timing.html
474,South Indian Wedding Menus: Planning Guide for Family Preferences around Pichanur,Travel & Venue,family preferences,guides/blogs/south-indian-wedding-menus-planning-guide-for-family-preferences-around-pichanur.html
475,How to Improve Summer Events for Tamil Vegetarian Catering: Vellore Budget Planning Guide,Corporate & Business,summer events,guides/blogs/how-to-improve-summer-events-for-tamil-vegetarian-catering-vellore-budget-planning-guide.html
476,Non-Vegetarian Catering Checklist: Practical Decisions for Mixed Menus,Events & Entertainment,mixed menus,guides/blogs/non-vegetarian-catering-checklist-practical-decisions-for-mixed-menus.html
477,Banana Leaf Service: Menu Guide for Service Timing around Sainathapuram,Food Service Formats,service timing,guides/blogs/banana-leaf-service-menu-guide-for-service-timing-around-sainathapuram.html
478,How to Improve Family Preferences for Buffet Catering: Vellore Timing Guide,Food Service Formats,family preferences,guides/blogs/how-to-improve-family-preferences-for-buffet-catering-vellore-timing-guide.html
479,Live Food Counters Mistakes to Avoid: Practical Decisions for Summer Events,Special Occasions,summer events,guides/blogs/live-food-counters-mistakes-to-avoid-practical-decisions-for-summer-events.html
480,Breakfast Catering: Guest-Count Guide for Mixed Menus around Devikapuram,Special Occasions,mixed menus,guides/blogs/breakfast-catering-guest-count-guide-for-mixed-menus-around-devikapuram.html
481,How to Improve Service Timing for Lunch Catering: Vellore Venue Coordination Guide,Cuisine-Based,service timing,guides/blogs/how-to-improve-service-timing-for-lunch-catering-vellore-venue-coordination-guide.html
482,Reception Dinner Catering Food Counter Guide: Practical Decisions for Family Preferences,Birthday & Family,family preferences,guides/blogs/reception-dinner-catering-food-counter-guide-practical-decisions-for-family-preferences.html
483,Engagement Catering: Service Guide for Summer Events around Veerasettipalli R.F.,Specialized & Dietary,summer events,guides/blogs/engagement-catering-service-guide-for-summer-events-around-veerasettipalli-r-f.html
484,How to Improve Mixed Menus for Housewarming Catering: Vellore Planning Guide,Food Service Formats,mixed menus,guides/blogs/how-to-improve-mixed-menus-for-housewarming-catering-vellore-planning-guide.html
485,Corporate Catering Budget Planning Guide: Practical Decisions for Service Timing,Special Occasions,service timing,guides/blogs/corporate-catering-budget-planning-guide-practical-decisions-for-service-timing.html
486,School Event Catering: Checklist for Family Preferences around Pakkam,Retail & Commercial,family preferences,guides/blogs/school-event-catering-checklist-for-family-preferences-around-pakkam.html
487,How to Improve Summer Events for Temple Function Catering: Vellore Menu Guide,Food Service Formats,summer events,guides/blogs/how-to-improve-summer-events-for-temple-function-catering-vellore-menu-guide.html
488,Annadhanam Catering Timing Guide: Practical Decisions for Mixed Menus,Corporate & Business,mixed menus,guides/blogs/annadhanam-catering-timing-guide-practical-decisions-for-mixed-menus.html
489,Biryani Catering: Mistakes to Avoid for Service Timing around Chettithangal,Corporate & Business,service timing,guides/blogs/biryani-catering-mistakes-to-avoid-for-service-timing-around-chettithangal.html
490,How to Improve Family Preferences for Dessert Counters: Vellore Guest-Count Guide,Cuisine-Based,family preferences,guides/blogs/how-to-improve-family-preferences-for-dessert-counters-vellore-guest-count-guide.html
491,Filter Coffee Service Venue Coordination Guide: Practical Decisions for Summer Events,Special Occasions,summer events,guides/blogs/filter-coffee-service-venue-coordination-guide-practical-decisions-for-summer-events.html
492,Guest Count Planning: Food Counter Guide for Mixed Menus around Thiruvalluvar University,Special Occasions,mixed menus,guides/blogs/guest-count-planning-food-counter-guide-for-mixed-menus-around-thiruvalluvar-university.html
493,How to Improve Service Timing for Catering Budget Planning: Vellore Service Guide,Corporate & Business,service timing,guides/blogs/how-to-improve-service-timing-for-catering-budget-planning-vellore-service-guide.html
494,Venue Coordination Planning Guide: Practical Decisions for Family Preferences,Cuisine-Based,family preferences,guides/blogs/venue-coordination-planning-guide-practical-decisions-for-family-preferences.html
495,Food Hygiene: Budget Planning Guide for Summer Events around Ranipet Junction,Special Occasions,summer events,guides/blogs/food-hygiene-budget-planning-guide-for-summer-events-around-ranipet-junction.html
496,How to Improve Mixed Menus for Catering Service Staff: Vellore Checklist,Religious Festivals & Seasonal,mixed menus,guides/blogs/how-to-improve-mixed-menus-for-catering-service-staff-vellore-checklist.html
497,Wedding Catering in Vellore Menu Guide: Practical Decisions for Service Timing,Retail & Commercial,service timing,guides/blogs/wedding-catering-in-vellore-menu-guide-practical-decisions-for-service-timing.html
498,Birthday Catering in Vellore: Timing Guide for Family Preferences around Palampakkam,Food Service Formats,family preferences,guides/blogs/birthday-catering-in-vellore-timing-guide-for-family-preferences-around-palampakkam.html
499,How to Improve Summer Events for Seemandham Catering in Vellore: Vellore Mistakes to Avoid,Food Service Formats,summer events,guides/blogs/how-to-improve-summer-events-for-seemandham-catering-in-vellore-vellore-mistakes-to-avoid.html
500,South Indian Wedding Menus Guest-Count Guide: Practical Decisions for Mixed Menus,Healthcare & Institutional,mixed menus,guides/blogs/south-indian-wedding-menus-guest-count-guide-practical-decisions-for-mixed-menus.html
